Customer ID,Recency,Frequency,Monetary,segment_cust
12346,326,1,77183.6,Loyal VIP Customer (Power Users)
12347,40,7,4310.0,Casual Customer
12348,76,4,1797.24,Casual Customer
12349,19,1,1757.55,Casual Customer
12350,311,1,334.4,Churned Customer
12352,73,8,2506.04,Casual Customer
12353,204,1,89.0,Churned Customer
12354,233,1,1079.4,Churned Customer
12355,96,1,459.4,Casual Customer
12356,23,3,2811.43,Casual Customer
12357,182,1,6207.67,Churned Customer
12358,3,2,1168.06,Casual Customer
12359,9,4,6310.03,Casual Customer
12360,53,3,2662.06,Casual Customer
12361,288,1,189.9,Churned Customer
12362,30,10,5226.23,Casual Customer
12363,36,2,552.0,Casual Customer
12364,41,4,1313.1,Casual Customer
12365,292,2,641.38,Churned Customer
12367,212,1,168.9,Churned Customer
12370,52,4,3541.94,Casual Customer
12371,30,2,1887.96,Casual Customer
12372,35,3,1298.04,Casual Customer
12373,342,1,364.6,Churned Customer
12374,26,1,742.9300000000001,Casual Customer
12375,11,2,457.5,Casual Customer
12377,316,2,1628.12,Churned Customer
12378,305,1,4008.62,Churned Customer
12379,82,2,852.24,Casual Customer
12380,22,4,2724.81,Casual Customer
12381,0,5,1845.31,Casual Customer
12383,9,5,1850.56,Casual Customer
12384,29,2,585.27,Casual Customer
12386,192,2,401.9,Churned Customer
12388,16,6,2780.66,Casual Customer
12390,80,1,549.84,Casual Customer
12391,22,1,439.66,Casual Customer
12393,39,4,1582.6000000000001,Casual Customer
12394,153,2,1272.48,Casual Customer
12395,5,12,3018.63,Casual Customer
12397,136,2,2409.9,Casual Customer
12398,46,1,1635.6599999999999,Casual Customer
12399,2,4,1108.65,Casual Customer
12401,99,1,84.3,Casual Customer
12402,324,1,225.6,Churned Customer
12403,50,1,427.7,Casual Customer
12405,149,1,1710.39,Casual Customer
12406,22,2,3415.3,Casual Customer
12407,50,5,1708.1200000000001,Casual Customer
12408,152,5,2888.55,Casual Customer
12409,65,3,11072.67,Casual Customer
12410,252,2,693.3299999999999,Churned Customer
12412,75,3,1226.88,Casual Customer
12413,192,3,758.1,Churned Customer
12414,188,3,562.41,Churned Customer
12415,25,21,124914.53,B2B Distributor
12417,40,9,3649.1,Casual Customer
12418,113,1,668.58,Casual Customer
12420,153,1,600.39,Casual Customer
12421,16,4,807.04,Casual Customer
12422,169,3,803.5600000000001,Churned Customer
12423,89,8,1859.31,Casual Customer
12424,163,2,1760.96,Churned Customer
12425,78,1,777.2,Casual Customer
12426,195,1,582.73,Churned Customer
12427,22,3,825.8,Casual Customer
12428,26,9,7956.46,Casual Customer
12429,9,4,3750.4,Casual Customer
12430,44,1,256.4,Casual Customer
12431,2,15,6419.95,Loyal VIP Customer (Power Users)
12432,43,5,5059.32,Casual Customer
12433,10,7,13375.87,Casual Customer
12434,85,2,806.14,Casual Customer
12435,80,2,7829.89,Casual Customer
12436,335,1,509.01,Churned Customer
12437,9,18,4951.41,Loyal VIP Customer (Power Users)
12438,15,2,2906.85,Casual Customer
12441,485,1,173.55,Churned Customer
12442,181,1,172.06,Churned Customer
12444,0,5,5005.46,Casual Customer
12445,22,1,133.4,Casual Customer
12446,58,1,1002.3100000000001,Casual Customer
12447,67,1,476.49,Casual Customer
12448,45,1,449.45,Casual Customer
12449,23,4,4067.29,Casual Customer
12450,174,2,197.88,Churned Customer
12451,11,5,9035.52,Casual Customer
12452,17,2,430.57,Casual Customer
12453,135,1,707.09,Casual Customer
12454,57,1,3528.34,Casual Customer
12455,74,6,2466.86,Casual Customer
12456,45,3,3181.04,Casual Customer
12457,82,7,2363.23,Casual Customer
12458,72,2,947.4,Casual Customer
12461,125,2,826.88,Casual Customer
12462,19,2,1189.59,Casual Customer
12463,6,4,1344.78,Casual Customer
12464,11,8,1212.05,Casual Customer
12465,18,2,742.1899999999999,Casual Customer
12468,218,2,729.5400000000001,Churned Customer
12471,11,30,19788.65,Loyal VIP Customer (Power Users)
12472,52,7,6572.11,Casual Customer
12473,54,5,3928.0499999999997,Casual Customer
12474,3,18,7324.09,Loyal VIP Customer (Power Users)
12475,54,1,723.38,Casual Customer
12476,16,11,6816.42,Casual Customer
12477,23,6,13219.74,Casual Customer
12478,181,1,680.99,Churned Customer
12479,12,1,527.2,Casual Customer
12480,29,4,3281.63,Casual Customer
12481,23,10,5579.82,Casual Customer
12483,18,8,2484.98,Casual Customer
12484,101,6,4527.32,Casual Customer
12488,10,3,1298.66,Casual Customer
12489,162,1,334.93,Churned Customer
12490,18,10,5417.93,Casual Customer
12491,333,1,460.40000000000003,Churned Customer
12492,106,2,263.21000000000004,Casual Customer
12493,166,2,433.74,Churned Customer
12494,16,7,1246.1000000000001,Casual Customer
12497,82,1,1043.1,Casual Customer
12498,22,3,403.70000000000005,Casual Customer
12500,24,11,4257.82,Casual Customer
12501,162,1,2169.39,Churned Customer
12502,188,5,3723.87,Churned Customer
12504,19,2,482.04999999999995,Casual Customer
12506,233,1,73.5,Churned Customer
12507,135,3,1304.81,Casual Customer
12508,27,2,397.88,Casual Customer
12509,285,1,176.5,Churned Customer
12510,143,2,982.5699999999999,Casual Customer
12512,244,2,132.18,Churned Customer
12513,113,1,612.29,Casual Customer
12514,268,1,1017.68,Churned Customer
12515,354,1,383.7,Churned Customer
12516,4,2,1312.06,Casual Customer
12517,29,5,2481.6,Casual Customer
12518,0,5,2056.89,Casual Customer
12519,153,1,330.84,Casual Customer
12520,37,5,2634.26,Casual Customer
12521,143,1,599.68,Casual Customer
12522,40,2,192.72,Casual Customer
12523,9,11,1789.77,Casual Customer
12524,10,8,4485.72,Casual Customer
12526,54,3,1316.66,Casual Customer
12527,82,3,348.71000000000004,Casual Customer
12528,10,6,1933.48,Casual Customer
12530,30,4,1662.28,Casual Customer
12531,15,1,125.22,Casual Customer
12532,90,1,349.83000000000004,Casual Customer
12534,336,1,1089.18,Churned Customer
12535,92,2,716.35,Casual Customer
12536,30,3,12601.830000000002,Casual Customer
12538,60,1,363.95,Casual Customer
12539,23,4,5568.35,Casual Customer
12540,20,17,13400.24,Loyal VIP Customer (Power Users)
12541,60,3,981.18,Casual Customer
12544,274,1,372.7,Churned Customer
12545,76,2,1000.39,Casual Customer
12546,47,2,1161.5,Casual Customer
12547,198,2,207.79999999999998,Churned Customer
12548,167,1,95.19999999999999,Churned Customer
12550,80,1,964.83,Casual Customer
12551,358,1,168.0,Churned Customer
12552,40,2,437.82,Casual Customer
12553,0,10,3692.28,Casual Customer
12556,33,2,599.56,Casual Customer
12557,17,5,11990.960000000001,Casual Customer
12558,301,1,269.96,Churned Customer
12559,311,2,561.71,Churned Customer
12560,113,3,2134.01,Casual Customer
12561,69,1,238.85,Casual Customer
12562,23,7,3781.7400000000002,Casual Customer
12564,262,1,456.9,Churned Customer
12565,289,1,145.92,Churned Customer
12566,87,1,351.65,Casual Customer
12567,23,10,9401.28,Casual Customer
12569,0,32,4124.69,Loyal VIP Customer (Power Users)
12571,40,2,519.61,Casual Customer
12572,52,2,1020.42,Casual Customer
12573,228,1,160.54000000000002,Churned Customer
12574,316,1,218.45,Churned Customer
12576,130,5,1315.83,Casual Customer
12577,243,3,626.6,Churned Customer
12578,22,2,2794.51,Casual Customer
12579,79,1,440.42,Casual Customer
12580,159,1,415.7,Churned Customer
12581,40,1,197.71,Casual Customer
12582,239,2,511.36,Churned Customer
12583,0,15,7281.38,Loyal VIP Customer (Power Users)
12584,18,9,2338.15,Casual Customer
12585,235,2,2040.1,Churned Customer
12586,18,1,196.94000000000003,Casual Customer
12587,301,1,144.0,Churned Customer
12588,40,1,214.89999999999998,Casual Customer
12589,29,2,646.68,Casual Customer
12590,5,2,9864.26,Casual Customer
12591,318,1,452.84999999999997,Churned Customer
12592,66,2,437.6,Casual Customer
12593,109,3,418.09999999999997,Casual Customer
12594,47,10,3338.2200000000003,Casual Customer
12596,36,2,618.27,Casual Customer
12597,20,4,3811.22,Casual Customer
12598,10,8,3023.08,Casual Customer
12599,33,7,1032.58,Casual Customer
12600,29,10,2599.04,Casual Customer
12601,39,5,577.0600000000001,Casual Customer
12602,0,1,153.12,Casual Customer
12603,22,1,739.1999999999999,Casual Customer
12604,80,2,254.18,Casual Customer
12607,61,1,1579.51,Casual Customer
12609,79,3,1126.85,Casual Customer
12610,23,5,2099.54,Casual Customer
12611,53,1,1193.32,Casual Customer
12612,75,1,704.0400000000001,Casual Customer
12613,58,5,3344.38,Casual Customer
12614,160,1,315.6,Churned Customer
12615,72,4,2291.19,Casual Customer
12616,215,2,713.3,Churned Customer
12617,60,1,352.98,Casual Customer
12618,22,1,177.31,Casual Customer
12619,17,9,3641.24,Casual Customer
12620,15,3,1339.41,Casual Customer
12621,5,20,13689.67,Loyal VIP Customer (Power Users)
12622,233,1,180.1,Churned Customer
12623,129,1,305.1,Casual Customer
12624,107,2,641.13,Casual Customer
12625,5,2,2683.82,Casual Customer
12626,24,9,6620.48,Casual Customer
12627,11,7,4478.53,Casual Customer
12628,182,3,786.46,Churned Customer
12630,10,2,1270.88,Casual Customer
12631,58,1,640.5,Casual Customer
12633,0,4,2163.98,Casual Customer
12635,31,2,1689.18,Casual Customer
12637,92,8,6002.9,Casual Customer
12638,182,1,671.69,Churned Customer
12639,239,1,486.1,Churned Customer
12640,24,3,1174.58,Casual Customer
12641,116,1,185.9,Casual Customer
12642,26,3,1013.26,Casual Customer
12643,39,6,3344.64,Casual Customer
12644,305,1,477.91,Churned Customer
12645,110,4,1775.18,Casual Customer
12646,50,2,1346.97,Casual Customer
12647,23,12,3722.82,Casual Customer
12648,125,1,318.05,Casual Customer
12649,35,3,623.51,Casual Customer
12650,181,1,314.44,Churned Customer
12651,100,1,114.0,Casual Customer
12652,9,1,919.98,Casual Customer
12653,149,2,2209.85,Casual Customer
12654,11,5,601.98,Casual Customer
12656,18,5,4051.17,Casual Customer
12657,12,4,1643.18,Casual Customer
12658,19,1,686.05,Casual Customer
12659,60,1,91.68,Casual Customer
12660,12,1,245.1,Casual Customer
12662,23,11,3849.78,Casual Customer
12664,0,9,4881.88,Casual Customer
12665,325,1,63.0,Churned Customer
12667,0,1,620.13,Casual Customer
12668,12,4,3807.15,Casual Customer
12669,3,3,2744.0299999999997,Casual Customer
12670,11,5,2996.05,Casual Customer
12672,330,1,225.89999999999998,Churned Customer
12673,242,2,610.52,Churned Customer
12674,92,4,1970.6,Casual Customer
12676,25,6,1331.39,Casual Customer
12678,43,12,17628.46,Loyal VIP Customer (Power Users)
12679,0,4,1113.02,Casual Customer
12680,31,4,880.81,Casual Customer
12681,15,22,13787.54,Loyal VIP Customer (Power Users)
12682,2,31,12279.82,Loyal VIP Customer (Power Users)
12683,5,15,8476.57,Loyal VIP Customer (Power Users)
12684,25,7,2283.63,Casual Customer
12685,29,6,2863.08,Casual Customer
12686,638,1,89.14,Churned Customer
12688,114,1,4873.8099999999995,Casual Customer
12689,26,2,1247.61,Casual Customer
12690,206,1,389.01,Churned Customer
12691,0,6,1035.8,Casual Customer
12693,5,4,855.91,Casual Customer
12694,71,2,869.67,Casual Customer
12695,108,4,582.1,Casual Customer
12697,29,3,957.59,Casual Customer
12700,127,4,4939.99,Casual Customer
12701,36,2,797.71,Casual Customer
12702,20,1,219.0,Casual Customer
12703,71,1,283.55,Casual Customer
12704,23,8,2340.84,Casual Customer
12705,16,9,6868.29,Casual Customer
12707,292,1,603.42,Churned Customer
12708,60,10,2712.91,Casual Customer
12709,0,15,9706.52,Loyal VIP Customer (Power Users)
12710,202,3,1149.02,Churned Customer
12712,9,13,4396.13,Casual Customer
12713,89,1,848.55,Casual Customer
12714,10,5,4708.86,Casual Customer
12715,107,1,343.36,Casual Customer
12716,134,2,1053.49,Casual Customer
12717,33,2,1030.98,Casual Customer
12718,72,1,238.25,Casual Customer
12719,214,2,644.95,Churned Customer
12720,3,25,5781.73,Loyal VIP Customer (Power Users)
12721,80,6,2656.13,Casual Customer
12722,3,4,997.63,Casual Customer
12723,17,5,725.07,Casual Customer
12724,39,4,1031.41,Casual Customer
12725,638,1,427.8,Churned Customer
12726,29,7,2609.1,Casual Customer
12727,11,7,3980.7,Casual Customer
12728,39,4,836.33,Casual Customer
12729,114,1,453.01,Casual Customer
12731,24,12,18895.91,Loyal VIP Customer (Power Users)
12732,180,1,236.26000000000002,Churned Customer
12733,235,1,383.95,Churned Customer
12734,353,1,110.39999999999999,Churned Customer
12735,192,2,779.5699999999999,Churned Customer
12736,39,1,234.0,Casual Customer
12738,665,1,155.35,Churned Customer
12739,79,2,1013.04,Casual Customer
12740,153,1,427.6,Casual Customer
12743,135,2,540.13,Casual Customer
12744,52,7,21279.29,Loyal VIP Customer (Power Users)
12747,23,11,4196.01,Casual Customer
12748,4,210,33053.19,B2B Distributor
12749,23,5,4090.88,Casual Customer
12750,277,1,275.88,Churned Customer
12752,82,1,4366.78,Casual Customer
12753,23,6,21429.39,Casual Customer
12754,160,3,3010.74,Casual Customer
12755,251,2,3811.95,Churned Customer
12756,87,1,112.07999999999998,Casual Customer
12757,4,13,7834.650000000001,Loyal VIP Customer (Power Users)
12758,117,2,2791.59,Casual Customer
12759,53,3,1531.44,Casual Customer
12762,26,2,1898.52,Casual Customer
12763,139,2,494.08,Casual Customer
12764,317,1,1693.88,Churned Customer
12766,58,7,6989.63,Casual Customer
12769,239,1,1143.6,Churned Customer
12770,211,1,1351.45,Churned Customer
12772,30,1,892.47,Casual Customer
12775,18,5,1386.04,Casual Customer
12778,20,6,822.23,Casual Customer
12779,199,8,3981.36,Churned Customer
12781,153,2,826.74,Casual Customer
12782,150,5,2330.92,Casual Customer
12783,54,6,2225.91,Casual Customer
12784,10,2,532.8199999999999,Casual Customer
12785,424,1,311.95,Churned Customer
12787,10,3,463.66,Casual Customer
12789,214,1,91.85,Churned Customer
12790,193,1,324.92,Churned Customer
12791,697,1,192.60000000000002,Churned Customer
12792,257,1,400.53999999999996,Churned Customer
12793,100,2,545.48,Casual Customer
12794,54,2,860.41,Casual Customer
12795,19,1,430.48,Casual Customer
12797,454,1,254.03,Churned Customer
12798,11,3,6977.04,Casual Customer
12802,187,1,427.58,Churned Customer
12808,126,3,483.65000000000003,Casual Customer
12809,178,1,489.31,Churned Customer
12811,261,3,514.85,Churned Customer
12812,45,1,229.64000000000001,Casual Customer
12814,102,1,125.92,Casual Customer
12815,148,2,1063.46,Casual Customer
12816,177,2,572.2,Churned Customer
12817,282,1,166.04,Churned Customer
12818,262,1,1542.08,Churned Customer
12820,45,4,942.34,Casual Customer
12821,96,1,92.72,Casual Customer
12822,71,2,948.88,Casual Customer
12823,75,5,1759.5,Casual Customer
12824,30,1,397.12,Casual Customer
12826,60,7,1474.72,Casual Customer
12827,45,3,430.15000000000003,Casual Customer
12828,113,6,1018.71,Casual Customer
12829,162,2,293.0,Churned Customer
12830,92,6,6814.64,Casual Customer
12831,263,1,215.05,Churned Customer
12832,152,2,383.03,Casual Customer
12833,146,1,417.38,Casual Customer
12834,310,1,312.38,Churned Customer
12836,30,4,2610.36,Casual Customer
12837,174,1,134.1,Churned Customer
12838,182,2,671.95,Churned Customer
12839,12,14,5591.42,Loyal VIP Customer (Power Users)
12840,65,4,2726.77,Casual Customer
12841,4,25,3991.58,Loyal VIP Customer (Power Users)
12842,71,2,1118.99,Casual Customer
12843,66,8,1702.26,Casual Customer
12844,60,2,325.96000000000004,Casual Customer
12845,268,4,354.09,Churned Customer
12847,23,1,843.64,Casual Customer
12849,121,2,1010.29,Casual Customer
12851,245,1,131.81,Churned Customer
12852,295,1,311.55,Churned Customer
12853,135,6,1957.1000000000001,Casual Customer
12854,6,3,1316.25,Casual Customer
12855,666,1,38.1,Churned Customer
12856,19,6,2170.78,Casual Customer
12857,69,2,1106.4,Casual Customer
12863,53,1,521.2,Casual Customer
12864,139,1,147.12,Casual Customer
12865,27,2,1568.23,Casual Customer
12866,341,1,559.12,Churned Customer
12867,27,7,4009.34,Casual Customer
12868,9,6,1607.0600000000002,Casual Customer
12871,85,2,380.64,Casual Customer
12872,327,2,599.97,Churned Customer
12873,310,1,374.0,Churned Customer
12875,144,2,343.2300000000001,Casual Customer
12876,58,2,2218.02,Casual Customer
12877,25,12,1535.77,Casual Customer
12878,237,2,854.99,Churned Customer
12879,45,3,573.22,Casual Customer
12881,98,1,298.0,Casual Customer
12882,10,2,1463.04,Casual Customer
12883,25,4,703.47,Casual Customer
12884,1,1,309.05,Casual Customer
12885,124,3,1175.22,Casual Customer
12886,249,2,1378.4,Churned Customer
12888,96,2,354.12,Casual Customer
12890,24,1,376.71999999999997,Casual Customer
12891,157,3,331.0,Casual Customer
12893,90,1,176.55,Casual Customer
12895,43,2,372.8,Casual Customer
12897,38,2,216.5,Casual Customer
12901,11,28,17654.54,Loyal VIP Customer (Power Users)
12902,265,1,138.68,Churned Customer
12904,19,2,496.06,Casual Customer
12906,12,5,2919.81,Casual Customer
12908,177,2,750.0,Churned Customer
12909,40,5,2178.67,Casual Customer
12910,6,8,3075.04,Casual Customer
12912,15,5,1662.3,Casual Customer
12913,16,5,2483.63,Casual Customer
12915,149,2,363.65,Casual Customer
12916,139,4,2944.95,Casual Customer
12917,277,1,594.0,Churned Customer
12919,2,6,1335.19,Casual Customer
12920,18,1,162.78,Casual Customer
12921,10,37,16587.09,Loyal VIP Customer (Power Users)
12922,337,1,405.38,Churned Customer
12923,183,1,172.82,Churned Customer
12924,1,4,933.7,Casual Customer
12925,75,2,694.05,Casual Customer
12928,6,5,2062.7000000000003,Casual Customer
12929,342,1,117.85,Churned Customer
12930,79,2,415.8,Casual Customer
12931,22,15,42055.96,Loyal VIP Customer (Power Users)
12933,25,3,607.53,Casual Customer
12935,27,7,2160.7,Casual Customer
12936,17,4,1063.9,Casual Customer
12937,16,4,1504.27,Casual Customer
12938,26,1,114.14,Casual Customer
12939,37,8,11581.8,Casual Customer
12940,55,2,899.69,Casual Customer
12942,132,3,675.6,Casual Customer
12944,243,2,604.51,Churned Customer
12945,289,1,462.95,Churned Customer
12947,65,6,1603.99,Casual Customer
12948,17,7,2064.95,Casual Customer
12949,90,8,4167.22,Casual Customer
12950,25,3,1843.0,Casual Customer
12951,174,6,1064.07,Churned Customer
12952,44,4,1387.79,Casual Customer
12953,10,1,329.85,Casual Customer
12955,17,11,4757.16,Casual Customer
12956,191,1,108.07,Churned Customer
12957,10,8,4017.54,Casual Customer
12962,114,2,266.39,Casual Customer
12963,11,8,1856.63,Casual Customer
12965,31,1,769.8100000000001,Casual Customer
12966,10,1,160.18,Casual Customer
12967,358,2,1660.9,Churned Customer
12968,113,1,135.95,Casual Customer
12970,301,4,405.47,Churned Customer
12971,9,86,11189.91,Loyal VIP Customer (Power Users)
12974,198,1,144.8,Churned Customer
12976,5,1,738.6,Casual Customer
12977,186,1,39.239999999999995,Churned Customer
12980,9,9,7374.900000000001,Casual Customer
12981,60,2,372.21999999999997,Casual Customer
12982,36,1,390.54,Casual Customer
12984,19,1,97.5,Casual Customer
12985,29,2,1239.38,Casual Customer
12987,74,2,558.7,Casual Customer
12988,293,1,505.82,Churned Customer
12989,1,15,6924.110000000001,Loyal VIP Customer (Power Users)
12990,121,3,409.5,Casual Customer
12991,24,2,503.76,Casual Customer
12993,24,4,414.76,Casual Customer
12994,32,3,974.4200000000001,Casual Customer
12995,86,1,211.32,Casual Customer
12997,1,4,1226.89,Casual Customer
12999,128,3,455.88,Casual Customer
13000,107,3,534.85,Casual Customer
13001,23,13,9785.970000000001,Loyal VIP Customer (Power Users)
13002,319,1,120.94999999999999,Churned Customer
13003,33,3,149.05,Casual Customer
13004,12,18,5655.91,Loyal VIP Customer (Power Users)
13005,159,2,513.7,Churned Customer
13006,57,1,81.57,Casual Customer
13008,324,1,229.46999999999997,Churned Customer
13011,665,1,50.550000000000004,Churned Customer
13012,10,8,1646.8400000000001,Casual Customer
13013,22,13,4810.9400000000005,Casual Customer
13014,11,10,3466.2799999999997,Casual Customer
13015,54,5,3339.64,Casual Customer
13016,74,3,789.89,Casual Customer
13017,301,1,204.0,Churned Customer
13018,17,28,7277.7,Loyal VIP Customer (Power Users)
13021,26,9,2616.38,Casual Customer
13023,183,2,689.9,Churned Customer
13026,98,5,975.36,Casual Customer
13027,114,6,6912.0,Casual Customer
13028,23,2,661.3199999999999,Casual Customer
13029,90,3,1247.5,Casual Customer
13030,12,2,752.4399999999999,Casual Customer
13032,53,2,1010.18,Casual Customer
13033,358,1,190.55,Churned Customer
13034,55,2,642.77,Casual Customer
13035,74,2,921.88,Casual Customer
13037,139,3,881.07,Casual Customer
13038,81,3,908.46,Casual Customer
13040,182,2,676.99,Churned Customer
13043,37,1,516.42,Casual Customer
13044,292,1,560.47,Churned Customer
13045,335,1,305.28000000000003,Churned Customer
13046,90,2,629.31,Casual Customer
13047,57,10,3237.54,Casual Customer
13048,15,4,1819.41,Casual Customer
13049,183,2,656.6800000000001,Churned Customer
13050,15,17,5836.86,Loyal VIP Customer (Power Users)
13052,35,1,348.15000000000003,Casual Customer
13055,66,3,1214.41,Casual Customer
13058,0,3,271.40000000000003,Casual Customer
13059,250,1,183.4,Churned Customer
13060,254,1,307.53,Churned Customer
13061,73,1,248.61,Casual Customer
13062,338,1,346.98,Churned Customer
13064,1,4,1105.59,Casual Customer
13065,697,1,205.86,Churned Customer
13066,25,2,470.8,Casual Customer
13067,83,1,115.46000000000001,Casual Customer
13068,11,2,344.0,Casual Customer
13069,2,24,4431.44,Loyal VIP Customer (Power Users)
13070,193,1,228.8,Churned Customer
13072,267,1,177.15,Churned Customer
13075,305,1,919.61,Churned Customer
13077,119,4,728.02,Casual Customer
13078,0,26,12627.94,Loyal VIP Customer (Power Users)
13079,22,5,220.10000000000002,Casual Customer
13080,180,1,58.08,Churned Customer
13081,12,11,28337.38,Loyal VIP Customer (Power Users)
13082,177,9,3613.63,Churned Customer
13083,76,2,303.75,Casual Customer
13085,217,2,416.08000000000004,Churned Customer
13089,6,97,58762.08,B2B Distributor
13090,20,14,8910.82,Loyal VIP Customer (Power Users)
13091,29,1,345.82,Casual Customer
13092,5,5,477.83,Casual Customer
13093,98,8,7832.47,Casual Customer
13094,22,12,1927.3200000000002,Casual Customer
13095,71,1,74.39999999999999,Casual Customer
13097,78,10,6003.22,Casual Customer
13098,10,28,28882.44,Loyal VIP Customer (Power Users)
13099,334,1,207.35999999999999,Churned Customer
13101,235,1,101.19,Churned Customer
13102,24,24,6424.09,Loyal VIP Customer (Power Users)
13103,40,1,243.94,Casual Customer
13104,47,6,1098.48,Casual Customer
13106,134,1,76.5,Casual Customer
13107,45,4,1531.6200000000001,Casual Customer
13108,666,1,350.06,Churned Customer
13109,30,2,786.54,Casual Customer
13110,54,7,1488.67,Casual Customer
13113,5,24,12245.960000000001,Loyal VIP Customer (Power Users)
13115,0,4,2294.78,Casual Customer
13116,139,1,501.14,Casual Customer
13117,22,8,984.91,Casual Customer
13118,20,5,1197.81,Casual Customer
13120,239,1,30.599999999999998,Churned Customer
13121,270,1,283.73,Churned Customer
13122,184,2,922.39,Churned Customer
13124,31,3,3756.33,Casual Customer
13126,45,8,2099.64,Casual Customer
13127,78,1,259.17,Casual Customer
13130,184,1,64.0,Churned Customer
13131,24,3,1073.3,Casual Customer
13132,262,1,77.3,Churned Customer
13133,37,2,109.8,Casual Customer
13134,86,4,1793.58,Casual Customer
13135,197,1,3096.0,Churned Customer
13136,35,5,2607.61,Casual Customer
13137,11,8,3603.29,Casual Customer
13138,23,6,962.39,Casual Customer
13139,17,7,5064.94,Casual Customer
13140,109,3,422.47,Casual Customer
13141,85,5,2388.75,Casual Customer
13142,20,1,307.09,Casual Customer
13144,39,1,110.95,Casual Customer
13145,40,4,618.52,Casual Customer
13146,27,1,228.91,Casual Customer
13147,11,4,712.8000000000001,Casual Customer
13148,60,12,3683.26,Casual Customer
13149,15,4,1676.06,Casual Customer
13151,296,1,1257.8700000000001,Churned Customer
13153,242,1,486.22,Churned Customer
13155,80,4,971.76,Casual Customer
13157,6,4,1741.22,Casual Customer
13158,2,4,1201.06,Casual Customer
13159,51,4,1429.35,Casual Customer
13160,23,1,91.8,Casual Customer
13161,314,1,112.75,Churned Customer
13162,93,4,1688.29,Casual Customer
13165,47,2,1021.48,Casual Customer
13166,341,1,417.2,Churned Customer
13167,19,4,791.33,Casual Customer
13168,200,4,1299.59,Churned Customer
13169,153,2,712.88,Casual Customer
13170,27,1,108.81,Casual Customer
13171,22,3,468.41,Casual Customer
13173,212,2,353.65,Churned Customer
13174,17,3,2742.82,Casual Customer
13176,47,1,481.49,Casual Customer
13177,183,1,282.45,Churned Customer
13178,27,11,5725.47,Casual Customer
13182,46,1,121.18,Casual Customer
13183,87,9,3957.78,Casual Customer
13184,15,10,1668.95,Casual Customer
13185,268,1,71.4,Churned Customer
13186,40,3,1575.89,Casual Customer
13187,191,1,236.02,Churned Customer
13188,12,1,114.60000000000001,Casual Customer
13189,19,2,260.68,Casual Customer
13192,206,2,911.94,Churned Customer
13193,91,1,112.08,Casual Customer
13194,136,1,60.7,Casual Customer
13196,12,4,1797.78,Casual Customer
13198,11,6,3401.2400000000002,Casual Customer
13199,11,38,9817.12,Loyal VIP Customer (Power Users)
13200,20,4,870.09,Casual Customer
13203,10,4,869.46,Casual Customer
13207,3,2,250.26000000000002,Casual Customer
13208,0,6,1217.65,Casual Customer
13209,90,8,5891.61,Casual Customer
13210,154,1,353.48,Casual Customer
13211,11,3,1095.42,Casual Customer
13212,20,3,786.83,Casual Customer
13213,57,5,1520.58,Casual Customer
13216,268,1,333.74,Churned Customer
13217,93,3,533.98,Casual Customer
13218,246,1,62.63999999999999,Churned Customer
13220,79,4,819.2900000000001,Casual Customer
13221,241,2,847.41,Churned Customer
13223,201,2,163.20000000000002,Churned Customer
13224,33,2,2155.95,Casual Customer
13225,61,7,6463.84,Casual Customer
13226,37,1,108.21000000000001,Casual Customer
13227,202,1,257.7,Churned Customer
13228,82,1,358.0,Casual Customer
13229,226,1,160.95,Churned Customer
13230,59,14,2755.63,Casual Customer
13232,4,7,1328.35,Casual Customer
13233,75,2,605.12,Casual Customer
13235,35,1,1031.07,Casual Customer
13236,25,2,744.85,Casual Customer
13238,18,4,700.73,Casual Customer
13239,262,1,329.56,Churned Customer
13240,174,4,663.65,Churned Customer
13242,66,3,270.40000000000003,Casual Customer
13243,204,1,585.12,Churned Customer
13244,123,1,121.74000000000001,Casual Customer
13245,51,1,430.5,Casual Customer
13246,19,6,1961.52,Casual Customer
13247,18,4,501.12,Casual Customer
13248,155,2,465.68,Casual Customer
13249,123,3,711.41,Casual Customer
13253,186,2,1030.4,Churned Customer
13255,10,2,399.51,Casual Customer
13256,15,1,0.0,Casual Customer
13258,12,3,672.83,Casual Customer
13259,91,1,283.18,Casual Customer
13260,91,1,557.62,Casual Customer
13261,269,2,944.1,Churned Customer
13262,264,1,200.29,Churned Customer
13263,5,35,7436.93,Loyal VIP Customer (Power Users)
13265,1,5,2092.66,Casual Customer
13266,12,12,3834.2599999999998,Casual Customer
13267,9,19,4521.49,Loyal VIP Customer (Power Users)
13268,6,11,3174.75,Casual Customer
13269,1,15,5343.28,Loyal VIP Customer (Power Users)
13270,485,1,590.0,Churned Customer
13271,302,1,211.49,Churned Customer
13272,31,2,276.56,Casual Customer
13273,114,1,138.98,Casual Customer
13276,153,2,590.9300000000001,Casual Customer
13277,16,4,258.4,Casual Customer
13278,41,1,542.73,Casual Customer
13279,78,1,137.75,Casual Customer
13280,93,3,798.46,Casual Customer
13282,19,3,1132.14,Casual Customer
13283,30,2,93.66,Casual Customer
13284,331,1,201.19,Churned Customer
13285,24,4,2709.12,Casual Customer
13291,156,1,361.11,Churned Customer
13292,285,2,578.9399999999999,Churned Customer
13294,250,2,873.74,Churned Customer
13295,360,1,201.20000000000002,Churned Customer
13296,138,1,87.4,Casual Customer
13297,24,4,2089.85,Casual Customer
13298,120,1,360.0,Casual Customer
13299,269,1,142.5,Churned Customer
13300,170,1,371.89,Churned Customer
13301,104,4,618.09,Casual Customer
13302,155,1,63.75,Casual Customer
13304,352,1,300.42,Churned Customer
13305,22,10,2000.86,Casual Customer
13307,32,1,15.0,Casual Customer
13308,23,3,1385.51,Casual Customer
13309,1,5,1456.79,Casual Customer
13310,28,3,1132.03,Casual Customer
13311,3,2,598.57,Casual Customer
13313,23,5,1555.32,Casual Customer
13314,74,3,775.94,Casual Customer
13316,80,4,5732.93,Casual Customer
13317,199,6,2273.68,Churned Customer
13318,119,3,640.76,Casual Customer
13319,18,26,10845.550000000001,Loyal VIP Customer (Power Users)
13320,66,4,1532.2,Casual Customer
13321,73,2,567.36,Casual Customer
13322,18,1,199.48000000000002,Casual Customer
13323,22,5,787.85,Casual Customer
13324,31,10,7121.95,Casual Customer
13325,82,1,675.3,Casual Customer
13327,113,8,3627.77,Casual Customer
13328,317,1,1308.48,Churned Customer
13329,121,2,789.0,Casual Customer
13330,123,3,1140.93,Casual Customer
13332,15,1,350.9,Casual Customer
13334,83,3,3502.32,Casual Customer
13336,78,1,795.12,Casual Customer
13338,217,1,487.02,Churned Customer
13339,201,1,860.12,Churned Customer
13340,46,7,10736.48,Casual Customer
13341,261,1,775.85,Churned Customer
13343,178,1,353.43,Churned Customer
13344,160,3,2511.69,Casual Customer
13345,288,1,389.5,Churned Customer
13347,71,1,341.36,Casual Customer
13348,182,1,233.76,Churned Customer
13349,11,1,247.32,Casual Customer
13350,17,2,979.12,Casual Customer
13351,244,1,373.94,Churned Customer
13352,61,1,397.97999999999996,Casual Customer
13354,72,1,743.53,Casual Customer
13355,93,1,674.7,Casual Customer
13356,81,1,768.24,Casual Customer
13357,258,1,609.4,Churned Customer
13358,269,1,439.03,Churned Customer
13359,153,1,439.56,Casual Customer
13362,10,4,3090.7400000000002,Casual Customer
13363,18,2,992.5,Casual Customer
13364,71,1,134.95999999999998,Casual Customer
13365,182,2,2225.37,Churned Customer
13366,51,1,56.160000000000004,Casual Customer
13368,192,2,623.4,Churned Customer
13369,454,1,308.28000000000003,Churned Customer
13370,638,1,754.87,Churned Customer
13372,31,1,378.64,Casual Customer
13373,61,3,3312.25,Casual Customer
13375,1,1,778.65,Casual Customer
13376,204,3,1019.76,Churned Customer
13379,27,3,572.56,Casual Customer
13381,31,6,3639.31,Casual Customer
13382,251,1,222.99,Churned Customer
13384,46,7,4151.93,Casual Customer
13385,330,1,534.57,Churned Customer
13388,132,2,677.1,Casual Customer
13389,12,3,797.96,Casual Customer
13390,75,1,544.08,Casual Customer
13391,204,1,59.8,Churned Customer
13394,33,8,2520.02,Casual Customer
13395,157,1,307.72,Churned Customer
13396,60,2,1360.99,Casual Customer
13397,73,5,1544.13,Casual Customer
13398,193,1,457.34,Churned Customer
13402,246,2,621.23,Churned Customer
13403,18,1,75.0,Casual Customer
13404,35,2,252.49,Casual Customer
13405,75,3,572.451,Casual Customer
13408,3,62,28117.04,Loyal VIP Customer (Power Users)
13410,25,5,1003.06,Casual Customer
13411,108,1,213.55,Casual Customer
13414,134,3,1390.5,Casual Customer
13416,44,2,712.5,Casual Customer
13417,206,2,640.83,Churned Customer
13418,12,18,6127.43,Loyal VIP Customer (Power Users)
13419,153,1,221.06,Casual Customer
13420,150,2,159.85,Casual Customer
13421,41,2,1833.71,Casual Customer
13422,183,1,2626.3,Churned Customer
13425,109,3,1624.21,Casual Customer
13426,11,10,3641.32,Casual Customer
13427,20,3,582.6,Casual Customer
13428,11,1,201.78,Casual Customer
13429,11,4,1006.8,Casual Customer
13430,19,2,679.45,Casual Customer
13431,1,2,1269.1,Casual Customer
13434,75,2,534.24,Casual Customer
13435,25,7,3809.8900000000003,Casual Customer
13436,120,1,196.89,Casual Customer
13437,15,7,3408.06,Casual Customer
13439,256,1,283.71,Churned Customer
13441,92,1,296.64,Casual Customer
13447,24,3,1129.14,Casual Customer
13448,17,6,3534.69,Casual Customer
13449,24,1,291.88,Casual Customer
13450,27,6,2043.7199999999998,Casual Customer
13451,4,5,2898.2599999999998,Casual Customer
13452,260,2,590.0,Churned Customer
13453,166,2,356.97999999999996,Churned Customer
13455,25,2,1058.34,Casual Customer
13456,18,6,1766.72,Casual Customer
13458,6,14,9646.57,Loyal VIP Customer (Power Users)
13460,50,2,183.44,Casual Customer
13461,139,3,1445.0,Casual Customer
13462,340,1,151.5,Churned Customer
13464,0,1,674.68,Casual Customer
13466,126,1,307.9,Casual Customer
13467,11,2,1071.91,Casual Customer
13468,0,37,5704.97,Loyal VIP Customer (Power Users)
13470,116,2,165.0,Casual Customer
13471,22,4,2501.84,Casual Customer
13473,39,2,422.64,Casual Customer
13474,237,1,226.84,Churned Customer
13475,188,4,1431.78,Churned Customer
13476,179,2,1238.47,Churned Customer
13477,5,6,1454.58,Casual Customer
13479,201,2,300.95,Churned Customer
13481,46,5,1804.56,Casual Customer
13482,233,1,184.64,Churned Customer
13483,214,1,140.34,Churned Customer
13484,6,1,313.8,Casual Customer
13485,234,1,454.24,Churned Customer
13486,79,3,1122.41,Casual Customer
13487,58,3,575.4,Casual Customer
13488,9,13,8968.31,Loyal VIP Customer (Power Users)
13489,106,4,449.52,Casual Customer
13491,39,10,1215.82,Casual Customer
13492,96,3,1269.84,Casual Customer
13493,98,2,618.63,Casual Customer
13494,342,1,316.26000000000005,Churned Customer
13495,233,5,2044.8700000000001,Churned Customer
13496,11,2,653.33,Casual Customer
13497,310,2,348.05,Churned Customer
13499,18,5,1159.11,Casual Customer
13500,24,3,1166.77,Casual Customer
13501,288,1,1340.32,Churned Customer
13502,17,3,292.0,Casual Customer
13503,72,1,216.85,Casual Customer
13504,183,1,295.93,Churned Customer
13505,73,4,4393.63,Casual Customer
13506,317,2,458.52,Churned Customer
13507,108,4,2479.16,Casual Customer
13508,67,1,110.97,Casual Customer
13509,37,7,979.72,Casual Customer
13510,46,4,1791.56,Casual Customer
13512,261,1,251.21,Churned Customer
13513,216,1,205.1,Churned Customer
13514,74,1,152.20000000000002,Casual Customer
13515,73,4,891.12,Casual Customer
13516,22,3,1389.41,Casual Customer
13517,30,3,2128.42,Casual Customer
13518,86,1,627.16,Casual Customer
13519,78,1,122.75,Casual Customer
13520,0,6,3624.35,Casual Customer
13521,11,3,1071.73,Casual Customer
13522,90,1,125.80000000000001,Casual Customer
13523,47,5,3964.88,Casual Customer
13524,41,5,680.1800000000001,Casual Customer
13525,15,2,628.78,Casual Customer
13527,31,7,2242.36,Casual Customer
13529,79,2,307.76,Casual Customer
13531,206,2,483.8,Churned Customer
13532,182,1,210.31,Churned Customer
13533,65,3,269.09,Casual Customer
13534,54,25,5870.08,Loyal VIP Customer (Power Users)
13536,10,7,3444.39,Casual Customer
13538,32,7,1280.85,Casual Customer
13539,86,3,631.34,Casual Customer
13544,40,2,276.06,Casual Customer
13546,13,3,621.09,Casual Customer
13548,67,2,678.16,Casual Customer
13549,3,7,918.2,Casual Customer
13551,320,1,91.80000000000001,Churned Customer
13552,87,12,3740.07,Casual Customer
13555,74,4,4098.88,Casual Customer
13557,29,2,584.06,Casual Customer
13558,24,4,594.52,Casual Customer
13560,301,1,171.42000000000002,Churned Customer
13561,127,1,141.85999999999999,Casual Customer
13562,82,3,1799.33,Casual Customer
13563,85,2,777.53,Casual Customer
13564,145,3,1724.67,Casual Customer
13565,20,2,240.22,Casual Customer
13566,41,2,856.84,Casual Customer
13568,174,1,187.05,Churned Customer
13569,18,2,338.62,Casual Customer
13570,67,1,239.49,Casual Customer
13571,13,12,2088.94,Casual Customer
13572,206,1,1384.25,Churned Customer
13573,51,2,290.25,Casual Customer
13575,0,5,732.0699999999999,Casual Customer
13576,11,18,6717.34,Loyal VIP Customer (Power Users)
13577,6,4,1687.6000000000001,Casual Customer
13579,15,2,467.04,Casual Customer
13581,283,1,118.0,Churned Customer
13583,156,1,781.03,Casual Customer
13584,191,1,142.4,Churned Customer
13587,153,1,712.4,Casual Customer
13588,16,9,2478.95,Casual Customer
13589,15,2,379.65,Casual Customer
13590,3,6,1981.92,Casual Customer
13591,183,3,1117.13,Churned Customer
13592,66,4,247.95999999999998,Casual Customer
13593,109,5,2011.88,Casual Customer
13594,53,1,396.97,Casual Customer
13596,13,2,664.11,Casual Customer
13598,48,1,160.04,Casual Customer
13599,6,21,5149.92,Loyal VIP Customer (Power Users)
13600,313,1,219.52,Churned Customer
13601,5,2,693.32,Casual Customer
13602,183,1,428.89,Churned Customer
13603,27,1,164.34,Casual Customer
13606,59,3,276.75,Casual Customer
13607,41,1,675.51,Casual Customer
13610,13,7,1082.33,Casual Customer
13611,31,3,1154.4,Casual Customer
13614,25,4,1585.46,Casual Customer
13615,319,1,417.69,Churned Customer
13617,4,3,544.18,Casual Customer
13618,174,1,177.34,Churned Customer
13621,117,1,213.85,Casual Customer
13623,90,5,727.74,Casual Customer
13626,340,1,257.23,Churned Customer
13627,30,5,1638.47,Casual Customer
13629,24,11,7792.36,Casual Customer
13630,76,7,2031.78,Casual Customer
13631,144,11,3070.42,Casual Customer
13632,25,5,2118.93,Casual Customer
13634,36,5,1547.3600000000001,Casual Customer
13635,275,1,1071.03,Churned Customer
13636,93,5,949.12,Casual Customer
13637,53,3,804.3,Casual Customer
13638,16,1,122.64,Casual Customer
13639,75,1,1033.34,Casual Customer
13642,127,1,312.28,Casual Customer
13643,121,3,519.44,Casual Customer
13644,17,4,2624.26,Casual Customer
13645,32,1,252.1,Casual Customer
13647,10,4,1648.1200000000001,Casual Customer
13649,257,2,346.6,Churned Customer
13650,1,6,1836.34,Casual Customer
13651,40,2,94.2,Casual Customer
13652,46,3,1095.08,Casual Customer
13654,36,6,2707.33,Casual Customer
13655,6,2,932.97,Casual Customer
13656,165,2,379.65,Churned Customer
13657,11,2,382.14,Casual Customer
13658,10,5,2639.17,Casual Customer
13659,206,2,1563.0,Churned Customer
13662,35,3,881.26,Casual Customer
13663,180,1,189.47,Churned Customer
13666,61,3,84.65,Casual Customer
13667,150,1,299.05,Casual Customer
13668,11,21,6309.83,Loyal VIP Customer (Power Users)
13669,51,2,218.55,Casual Customer
13670,76,1,349.7,Casual Customer
13672,38,2,186.39000000000001,Casual Customer
13673,19,2,387.44,Casual Customer
13675,33,2,486.82000000000005,Casual Customer
13678,33,1,232.6,Casual Customer
13680,40,4,3719.12,Casual Customer
13681,18,4,827.83,Casual Customer
13682,218,1,59.5,Churned Customer
13684,286,1,65.13,Churned Customer
13685,46,7,3119.44,Casual Customer
13686,65,1,72.0,Casual Customer
13689,153,1,910.0,Casual Customer
13690,30,1,172.25,Casual Customer
13692,25,3,1488.32,Casual Customer
13694,26,50,65039.62,Loyal VIP Customer (Power Users)
13695,2,15,2504.13,Loyal VIP Customer (Power Users)
13697,333,1,151.29999999999998,Churned Customer
13699,156,1,308.58000000000004,Churned Customer
13700,6,10,2248.63,Casual Customer
13703,319,1,99.5,Churned Customer
13704,0,9,2308.06,Casual Customer
13705,145,3,711.86,Casual Customer
13706,69,1,330.79,Casual Customer
13707,267,2,806.41,Churned Customer
13708,272,1,285.33,Churned Customer
13709,50,13,6307.650000000001,Casual Customer
13710,121,1,180.48,Casual Customer
13711,219,2,252.06,Churned Customer
13712,159,1,228.84,Churned Customer
13715,223,5,1077.39,Churned Customer
13716,270,1,138.28,Churned Customer
13717,57,6,1445.01,Casual Customer
13718,159,2,306.55,Churned Customer
13719,16,5,1041.68,Casual Customer
13720,117,4,799.9,Casual Customer
13721,274,1,524.14,Churned Customer
13722,132,3,2375.41,Casual Customer
13723,188,1,199.85000000000002,Churned Customer
13725,50,8,1980.56,Casual Customer
13726,101,2,1079.6599999999999,Casual Customer
13727,29,2,333.48,Casual Customer
13728,108,6,1016.14,Casual Customer
13730,136,2,752.6,Casual Customer
13731,159,2,610.59,Churned Customer
13732,29,1,491.86,Casual Customer
13735,25,4,2883.54,Casual Customer
13736,242,2,729.8,Churned Customer
13737,201,1,339.59999999999997,Churned Customer
13739,19,1,216.9,Casual Customer
13740,241,1,350.75,Churned Customer
13741,72,3,668.4300000000001,Casual Customer
13742,17,12,3107.87,Casual Customer
13743,1,7,1341.6,Casual Customer
13744,215,2,1080.52,Churned Customer
13745,163,1,300.04,Churned Customer
13747,697,1,79.6,Churned Customer
13748,159,5,948.25,Casual Customer
13750,54,5,1647.26,Casual Customer
13751,289,1,296.25,Churned Customer
13752,96,6,1175.38,Casual Customer
13753,288,1,741.26,Churned Customer
13754,33,2,282.59999999999997,Casual Customer
13755,10,9,2108.06,Casual Customer
13756,23,14,5189.52,Loyal VIP Customer (Power Users)
13758,12,7,3190.55,Casual Customer
13759,72,2,659.4100000000001,Casual Customer
13760,55,2,286.79,Casual Customer
13761,51,2,1070.65,Casual Customer
13762,219,1,306.72,Churned Customer
13763,153,1,1714.96,Casual Customer
13764,71,3,1519.42,Casual Customer
13767,26,37,17220.36,Loyal VIP Customer (Power Users)
13769,93,10,2796.51,Casual Customer
13771,183,4,2634.45,Churned Customer
13772,182,3,1122.63,Churned Customer
13774,82,1,345.0,Casual Customer
13777,25,33,25977.16,Loyal VIP Customer (Power Users)
13778,104,1,178.7,Casual Customer
13780,171,2,360.01,Churned Customer
13781,281,1,127.84,Churned Customer
13782,13,6,908.86,Casual Customer
13784,10,11,2462.79,Casual Customer
13786,516,1,230.39999999999998,Churned Customer
13787,76,2,309.04,Casual Customer
13790,212,1,348.8,Churned Customer
13791,169,2,1516.0,Churned Customer
13792,244,2,195.55,Churned Customer
13798,1,57,37153.85,Loyal VIP Customer (Power Users)
13799,117,2,688.86,Casual Customer
13800,283,1,558.32,Churned Customer
13801,244,1,324.8,Churned Customer
13802,139,3,4599.42,Casual Customer
13803,256,1,277.07,Churned Customer
13804,79,7,2588.39,Casual Customer
13805,53,2,924.6,Casual Customer
13806,153,1,256.38,Casual Customer
13807,516,1,112.6,Churned Customer
13808,47,5,1747.66,Casual Customer
13809,161,1,155.05,Churned Customer
13810,29,3,1499.01,Casual Customer
13811,95,3,814.5,Casual Customer
13812,43,3,539.0,Casual Customer
13813,31,4,1366.8600000000001,Casual Customer
13814,123,2,1579.12,Casual Customer
13815,23,4,4027.36,Casual Customer
13816,24,2,571.6700000000001,Casual Customer
13817,59,2,382.98,Casual Customer
13819,38,3,1140.35,Casual Customer
13821,145,2,385.64,Casual Customer
13822,41,2,632.0,Casual Customer
13823,19,2,957.66,Casual Customer
13824,6,5,1698.94,Casual Customer
13826,177,1,189.5,Churned Customer
13827,58,3,409.8,Casual Customer
13828,23,1,209.49,Casual Customer
13831,17,6,2198.45,Casual Customer
13832,20,1,52.199999999999996,Casual Customer
13833,278,1,383.85,Churned Customer
13835,26,4,834.57,Casual Customer
13837,5,2,266.59000000000003,Casual Customer
13838,118,4,674.82,Casual Customer
13841,340,1,85.0,Churned Customer
13842,0,9,3385.62,Casual Customer
13844,12,1,361.62,Casual Customer
13845,183,1,312.98,Churned Customer
13846,25,3,865.0600000000001,Casual Customer
13848,123,3,1255.0,Casual Customer
13849,52,2,1537.95,Casual Customer
13850,305,1,1595.48,Churned Customer
13851,215,3,2651.46,Churned Customer
13853,58,1,1090.14,Casual Customer
13854,1,25,8109.5199999999995,Loyal VIP Customer (Power Users)
13856,95,3,388.5,Casual Customer
13858,58,1,216.17,Casual Customer
13859,327,1,201.16,Churned Customer
13860,15,5,1245.9,Casual Customer
13862,19,8,2209.36,Casual Customer
13863,189,1,305.78,Churned Customer
13865,0,4,501.56,Casual Customer
13866,75,1,145.67000000000002,Casual Customer
13867,75,3,1005.09,Casual Customer
13868,301,2,3192.54,Churned Customer
13869,124,4,3083.65,Casual Customer
13870,41,8,2770.94,Casual Customer
13871,23,13,6403.25,Casual Customer
13873,2,3,389.6,Casual Customer
13874,358,1,540.45,Churned Customer
13875,38,5,1786.79,Casual Customer
13876,153,1,122.7,Casual Customer
13877,87,1,117.24,Casual Customer
13878,55,1,1271.57,Casual Customer
13880,22,13,3219.77,Casual Customer
13881,12,20,17159.52,Loyal VIP Customer (Power Users)
13882,12,5,1191.13,Casual Customer
13883,11,5,2674.48,Casual Customer
13884,31,5,787.6,Casual Customer
13885,201,2,506.8,Churned Customer
13886,72,1,243.56,Casual Customer
13887,204,1,349.55,Churned Customer
13888,2,2,595.67,Casual Customer
13889,123,1,416.90000000000003,Casual Customer
13890,23,10,1883.8100000000002,Casual Customer
13892,27,4,632.97,Casual Customer
13893,298,1,821.1,Churned Customer
13894,24,3,564.62,Casual Customer
13895,29,4,2593.07,Casual Customer
13897,51,1,311.16,Casual Customer
13898,326,1,155.93,Churned Customer
13899,17,2,388.52,Casual Customer
13900,94,3,740.95,Casual Customer
13901,73,5,2867.2,Casual Customer
13904,295,2,332.64,Churned Customer
13908,80,4,2369.55,Casual Customer
13911,58,9,2580.91,Casual Customer
13914,12,2,626.45,Casual Customer
13917,50,2,272.04,Casual Customer
13918,50,2,1212.8400000000001,Casual Customer
13919,30,2,384.81,Casual Customer
13922,352,1,172.25,Churned Customer
13923,54,1,351.13,Casual Customer
13924,18,6,1838.8500000000001,Casual Customer
13925,63,4,678.25,Casual Customer
13926,24,1,223.85000000000002,Casual Customer
13927,75,1,348.99,Casual Customer
13928,11,4,464.57,Casual Customer
13929,170,2,842.65,Churned Customer
13930,58,2,337.34,Casual Customer
13931,215,2,1237.53,Churned Customer
13932,295,1,307.4,Churned Customer
13933,110,2,608.7900000000001,Casual Customer
13934,264,1,922.1,Churned Customer
13936,180,1,376.58,Churned Customer
13937,170,1,158.85,Churned Customer
13938,243,1,71.66,Churned Customer
13939,24,3,568.55,Casual Customer
13940,18,4,839.14,Casual Customer
13941,22,5,5112.96,Casual Customer
13946,80,3,561.5699999999999,Casual Customer
13947,214,1,90.6,Churned Customer
13948,361,1,102.0,Churned Customer
13949,25,6,2427.32,Casual Customer
13950,12,4,745.06,Casual Customer
13951,177,3,674.45,Churned Customer
13952,188,2,3251.071,Churned Customer
13953,53,7,3515.68,Casual Customer
13954,71,2,439.92,Casual Customer
13955,125,2,322.96,Casual Customer
13956,55,5,1019.27,Casual Customer
13959,80,3,594.04,Casual Customer
13960,22,2,230.22,Casual Customer
13962,22,2,169.55,Casual Customer
13963,252,4,664.54,Churned Customer
13967,146,1,80.7,Casual Customer
13969,17,18,9024.17,Loyal VIP Customer (Power Users)
13971,19,8,2758.26,Casual Customer
13972,71,2,190.25,Casual Customer
13973,288,1,264.7,Churned Customer
13974,50,1,413.59000000000003,Casual Customer
13975,121,6,2461.2400000000002,Casual Customer
13976,207,1,357.98,Churned Customer
13978,15,2,196.79000000000002,Casual Customer
13979,74,1,869.87,Casual Customer
13980,61,1,200.14,Casual Customer
13982,40,4,1871.81,Casual Customer
13983,0,12,2603.43,Casual Customer
13984,27,5,920.51,Casual Customer
13985,0,15,7060.13,Loyal VIP Customer (Power Users)
13986,18,1,320.46,Casual Customer
13988,20,6,4147.96,Casual Customer
13989,214,2,1266.08,Churned Customer
13990,66,1,311.3,Casual Customer
13991,13,6,852.88,Casual Customer
13992,90,1,76.8,Casual Customer
13993,31,9,3466.36,Casual Customer
13994,40,6,2274.14,Casual Customer
13995,16,5,1393.69,Casual Customer
13999,11,12,3901.81,Casual Customer
14000,5,1,635.66,Casual Customer
14001,46,3,2043.0800000000002,Casual Customer
14002,135,2,529.73,Casual Customer
14004,44,7,4582.64,Casual Customer
14005,10,5,2874.72,Casual Customer
14006,6,3,962.19,Casual Customer
14009,199,2,695.61,Churned Customer
14012,160,1,328.8,Churned Customer
14013,98,3,473.02,Casual Customer
14014,78,1,505.18,Casual Customer
14015,53,1,917.34,Casual Customer
14016,208,4,4341.21,Churned Customer
14019,47,3,1421.61,Casual Customer
14020,1,2,642.8,Casual Customer
14021,5,3,631.9,Casual Customer
14022,226,1,440.0,Churned Customer
14023,281,2,584.07,Churned Customer
14024,63,2,327.7,Casual Customer
14027,61,1,104.82,Casual Customer
14029,145,2,467.66,Casual Customer
14030,19,8,2358.84,Casual Customer
14031,22,19,17286.86,Loyal VIP Customer (Power Users)
14032,6,11,2975.59,Casual Customer
14034,23,3,648.89,Casual Customer
14035,29,5,1428.02,Casual Customer
14036,285,1,626.65,Churned Customer
14037,177,2,147.20000000000002,Churned Customer
14038,79,3,1560.38,Casual Customer
14039,182,1,152.2,Churned Customer
14040,9,12,3560.32,Casual Customer
14041,267,1,141.41,Churned Customer
14044,27,4,646.42,Casual Customer
14045,110,4,1659.75,Casual Customer
14046,285,1,154.99,Churned Customer
14047,74,5,1308.6100000000001,Casual Customer
14048,161,1,409.93,Churned Customer
14049,17,4,5578.72,Casual Customer
14050,107,2,746.36,Casual Customer
14051,18,23,15610.390000000001,Loyal VIP Customer (Power Users)
14052,20,1,225.36,Casual Customer
14053,155,2,260.25,Casual Customer
14054,214,1,92.46,Churned Customer
14055,107,1,725.6400000000001,Casual Customer
14056,16,23,8152.71,Loyal VIP Customer (Power Users)
14057,24,17,6211.66,Loyal VIP Customer (Power Users)
14059,267,1,183.6,Churned Customer
14060,23,19,6140.42,Loyal VIP Customer (Power Users)
14062,10,12,10464.85,Loyal VIP Customer (Power Users)
14064,5,5,1334.34,Casual Customer
14066,267,1,152.55,Churned Customer
14067,153,2,374.7,Casual Customer
14068,321,1,265.85,Churned Customer
14071,20,8,1437.57,Casual Customer
14073,152,1,151.04,Casual Customer
14075,20,3,942.26,Casual Customer
14076,305,1,118.67,Churned Customer
14077,41,5,499.41999999999996,Casual Customer
14078,66,6,1049.37,Casual Customer
14079,155,1,375.1,Casual Customer
14080,152,1,45.599999999999994,Casual Customer
14081,69,2,921.62,Casual Customer
14082,424,1,182.25,Churned Customer
14083,37,9,1002.9,Casual Customer
14085,10,18,4421.29,Loyal VIP Customer (Power Users)
14087,151,1,191.47,Casual Customer
14088,11,13,50491.81,Loyal VIP Customer (Power Users)
14089,57,1,158.75,Casual Customer
14090,325,1,76.32000000000001,Churned Customer
14092,24,14,4076.91,Casual Customer
14093,13,1,433.86,Casual Customer
14096,12,17,65164.79,Loyal VIP Customer (Power Users)
14098,274,1,147.35,Churned Customer
14099,17,11,3104.17,Casual Customer
14100,138,1,191.95000000000002,Casual Customer
14101,74,6,5976.79,Casual Customer
14102,12,5,1105.8799999999999,Casual Customer
14104,125,2,216.20999999999998,Casual Customer
14105,239,1,1266.23,Churned Customer
14107,52,7,2703.23,Casual Customer
14108,90,2,597.91,Casual Customer
14109,73,1,144.2,Casual Customer
14110,1,12,5683.15,Casual Customer
14111,6,4,692.85,Casual Customer
14112,23,7,2915.15,Casual Customer
14113,23,4,1840.42,Casual Customer
14114,37,2,386.53,Casual Customer
14116,20,5,1382.74,Casual Customer
14117,144,1,90.0,Casual Customer
14121,11,4,2780.15,Casual Customer
14124,85,1,419.58000000000004,Casual Customer
14125,11,3,2720.63,Casual Customer
14126,11,3,706.1300000000001,Casual Customer
14127,93,3,709.71,Casual Customer
14128,61,2,637.5,Casual Customer
14129,18,5,1123.8600000000001,Casual Customer
14130,320,1,480.91,Churned Customer
14132,3,11,3586.0299999999997,Casual Customer
14133,305,3,605.64,Churned Customer
14135,39,15,4690.31,Loyal VIP Customer (Power Users)
14138,120,2,965.8800000000001,Casual Customer
14139,47,1,415.82,Casual Customer
14140,121,2,935.05,Casual Customer
14141,30,4,915.13,Casual Customer
14142,697,1,311.81,Churned Customer
14143,134,1,115.8,Casual Customer
14145,47,4,3742.2,Casual Customer
14146,82,5,4191.0,Casual Customer
14147,78,2,483.4,Casual Customer
14148,234,1,157.2,Churned Customer
14149,280,1,446.62,Churned Customer
14150,243,2,658.64,Churned Customer
14152,76,2,621.29,Casual Customer
14154,240,2,1345.62,Churned Customer
14155,267,1,118.75,Churned Customer
14156,0,55,117210.08,B2B Distributor
14157,20,2,424.89000000000004,Casual Customer
14158,41,1,507.66,Casual Customer
14159,20,11,4630.35,Casual Customer
14161,127,3,1097.6200000000001,Casual Customer
14162,174,2,289.36,Churned Customer
14163,64,4,2445.91,Casual Customer
14164,71,2,1631.77,Casual Customer
14165,98,1,120.44,Casual Customer
14167,9,4,562.59,Casual Customer
14171,304,1,363.79,Churned Customer
14173,11,4,450.84,Casual Customer
14174,182,1,134.46,Churned Customer
14175,30,3,3222.3,Casual Customer
14176,298,4,576.9000000000001,Churned Customer
14177,87,4,549.46,Casual Customer
14178,29,7,1600.26,Casual Customer
14179,41,2,701.57,Casual Customer
14180,11,25,4748.52,Loyal VIP Customer (Power Users)
14184,244,1,452.89,Churned Customer
14185,9,1,197.65,Casual Customer
14188,72,6,2054.36,Casual Customer
14189,17,15,4654.08,Loyal VIP Customer (Power Users)
14191,10,13,4684.76,Casual Customer
14193,270,2,853.39,Churned Customer
14194,19,21,11349.52,Loyal VIP Customer (Power Users)
14195,202,2,1012.0,Churned Customer
14196,107,1,335.52,Casual Customer
14198,19,4,701.4,Casual Customer
14199,219,1,185.39999999999998,Churned Customer
14201,61,7,747.44,Casual Customer
14204,151,1,150.61,Casual Customer
14205,17,2,466.7,Casual Customer
14206,240,1,328.15999999999997,Churned Customer
14208,184,1,151.74,Churned Customer
14209,11,6,2073.43,Casual Customer
14210,106,6,1905.8400000000001,Casual Customer
14211,54,9,2241.1,Casual Customer
14212,31,1,1070.48,Casual Customer
14214,51,5,1004.38,Casual Customer
14215,12,6,1789.72,Casual Customer
14216,17,4,1839.3,Casual Customer
14217,12,17,2004.98,Loyal VIP Customer (Power Users)
14218,43,1,169.48000000000002,Casual Customer
14219,212,1,89.94,Churned Customer
14220,189,2,632.4,Churned Customer
14221,43,9,3432.8,Casual Customer
14222,178,1,683.17,Churned Customer
14223,123,3,991.13,Casual Customer
14224,111,4,1009.73,Casual Customer
14226,29,5,2214.79,Casual Customer
14227,27,10,3350.96,Casual Customer
14229,52,3,1547.2,Casual Customer
14231,95,3,925.71,Casual Customer
14232,43,5,2048.07,Casual Customer
14233,5,4,1462.72,Casual Customer
14234,22,4,754.12,Casual Customer
14235,76,5,3144.86,Casual Customer
14236,81,2,490.86,Casual Customer
14237,697,1,161.0,Churned Customer
14238,327,1,146.85,Churned Customer
14239,44,11,2380.85,Casual Customer
14240,90,2,890.34,Casual Customer
14241,95,1,213.70000000000002,Casual Customer
14242,235,2,280.55,Churned Customer
14243,128,10,2588.77,Casual Customer
14245,249,2,1693.45,Churned Customer
14246,111,3,1474.06,Casual Customer
14247,190,1,136.76999999999998,Churned Customer
14248,319,1,302.58,Churned Customer
14250,31,3,1904.05,Casual Customer
14251,11,5,2879.7000000000003,Casual Customer
14256,261,2,969.0600000000001,Churned Customer
14257,124,5,3099.7200000000003,Casual Customer
14258,10,9,12669.98,Casual Customer
14259,142,1,120.0,Casual Customer
14261,51,2,1163.45,Casual Customer
14262,18,8,2618.23,Casual Customer
14264,125,2,333.97,Casual Customer
14265,110,2,530.18,Casual Customer
14267,163,3,1516.24,Churned Customer
14270,9,1,492.65000000000003,Casual Customer
14271,226,1,112.32,Churned Customer
14272,74,2,437.96,Casual Customer
14273,36,4,559.97,Casual Customer
14276,4,3,1119.74,Casual Customer
14277,16,3,4188.0,Casual Customer
14280,197,1,134.04,Churned Customer
14282,20,15,3701.44,Loyal VIP Customer (Power Users)
14284,87,2,595.25,Casual Customer
14285,22,4,1910.01,Casual Customer
14286,24,3,4628.75,Casual Customer
14287,199,3,176.63,Churned Customer
14288,66,1,426.6,Casual Customer
14289,6,6,911.26,Casual Customer
14290,12,5,2314.65,Casual Customer
14291,32,11,3883.25,Casual Customer
14292,1,9,4871.93,Casual Customer
14293,148,4,1046.56,Casual Customer
14295,41,1,166.20000000000002,Casual Customer
14297,18,4,1305.33,Casual Customer
14298,53,44,51527.3,Loyal VIP Customer (Power Users)
14299,0,9,3965.62,Casual Customer
14300,19,1,43.2,Casual Customer
14301,118,1,640.14,Casual Customer
14304,339,1,383.45,Churned Customer
14305,72,3,1858.96,Casual Customer
14306,52,2,2093.32,Casual Customer
14307,1,6,2995.72,Casual Customer
14309,29,9,2352.53,Casual Customer
14311,36,1,310.26,Casual Customer
14312,37,6,1611.59,Casual Customer
14314,107,1,120.0,Casual Customer
14315,45,6,2481.13,Casual Customer
14317,183,1,508.58000000000004,Churned Customer
14320,39,2,477.79,Casual Customer
14321,11,5,1530.75,Casual Customer
14323,115,2,605.0600000000001,Casual Customer
14326,36,1,183.85,Casual Customer
14327,164,1,311.65,Churned Customer
14329,18,7,4975.24,Casual Customer
14331,136,2,462.65999999999997,Casual Customer
14332,23,3,840.21,Casual Customer
14333,275,1,415.2,Churned Customer
14334,17,8,2552.21,Casual Customer
14335,17,2,454.86,Casual Customer
14336,17,4,1614.91,Casual Customer
14338,197,2,588.22,Churned Customer
14339,36,1,309.52,Casual Customer
14340,219,1,134.7,Churned Customer
14341,46,8,2166.98,Casual Customer
14342,22,4,668.5600000000001,Casual Customer
14344,98,8,889.9300000000001,Casual Customer
14345,333,1,108.97999999999999,Churned Customer
14346,32,2,1021.58,Casual Customer
14348,261,1,409.57,Churned Customer
14349,11,1,133.5,Casual Customer
14350,68,1,282.93,Casual Customer
14351,165,1,51.0,Churned Customer
14352,37,4,1078.96,Casual Customer
14353,127,1,90.6,Casual Customer
14354,90,2,163.62,Casual Customer
14355,454,1,174.4,Churned Customer
14356,80,2,701.23,Casual Customer
14357,44,1,225.12,Casual Customer
14359,20,3,912.18,Casual Customer
14360,121,4,2118.03,Casual Customer
14362,23,1,151.5,Casual Customer
14364,5,8,3717.35,Casual Customer
14367,22,16,9227.82,Loyal VIP Customer (Power Users)
14368,320,1,155.0,Churned Customer
14371,296,1,100.5,Churned Customer
14373,359,1,76.55,Churned Customer
14375,157,1,235.56,Churned Customer
14377,263,2,617.05,Churned Customer
14379,45,2,348.1,Casual Customer
14381,53,1,202.68,Casual Customer
14382,27,1,615.49,Casual Customer
14383,164,3,1247.69,Churned Customer
14385,10,3,202.11,Casual Customer
14386,297,1,142.4,Churned Customer
14387,75,3,1727.6,Casual Customer
14388,11,8,3212.84,Casual Customer
14389,214,2,1043.46,Churned Customer
14390,5,9,4642.57,Casual Customer
14393,218,1,67.95,Churned Customer
14395,60,9,3479.91,Casual Customer
14396,214,2,487.99,Churned Customer
14397,4,19,2612.96,Loyal VIP Customer (Power Users)
14400,150,1,574.7,Casual Customer
14401,65,13,4051.48,Casual Customer
14403,142,4,1475.81,Casual Customer
14404,109,6,1449.32,Casual Customer
14406,2,1,156.75,Casual Customer
14407,108,6,2157.73,Casual Customer
14408,11,7,2599.03,Casual Customer
14409,71,6,2059.4500000000003,Casual Customer
14410,123,9,1100.27,Casual Customer
14411,311,1,1063.0,Churned Customer
14412,43,2,770.03,Casual Customer
14413,363,1,121.05,Churned Customer
14414,92,7,1496.98,Casual Customer
14415,20,13,5855.57,Casual Customer
14416,23,2,490.22,Casual Customer
14418,26,3,1937.25,Casual Customer
14419,11,6,1051.79,Casual Customer
14420,334,1,387.52,Churned Customer
14421,5,2,813.11,Casual Customer
14422,18,6,4263.64,Casual Customer
14423,219,1,265.2,Churned Customer
14424,18,1,322.08,Casual Customer
14426,24,10,4481.67,Casual Customer
14427,51,2,363.34000000000003,Casual Customer
14428,80,5,1224.06,Casual Customer
14431,69,1,470.36,Casual Customer
14432,10,6,2248.5,Casual Customer
14434,22,6,1372.8,Casual Customer
14436,304,1,89.06,Churned Customer
14437,454,1,63.0,Churned Customer
14438,191,1,131.9,Churned Customer
14439,320,1,2661.24,Churned Customer
14440,43,5,2357.6800000000003,Casual Customer
14441,44,4,1712.89,Casual Customer
14442,205,2,1589.82,Churned Customer
14443,54,4,1420.2,Casual Customer
14446,29,4,1010.35,Casual Customer
14447,19,5,1163.23,Casual Customer
14448,10,2,375.35,Casual Customer
14449,19,4,885.8,Casual Customer
14450,4,3,483.25,Casual Customer
14451,61,2,643.9,Casual Customer
14452,11,2,259.05,Casual Customer
14453,307,1,119.93,Churned Customer
14456,23,9,3017.28,Casual Customer
14457,311,1,113.64,Churned Customer
14459,156,1,1837.92,Casual Customer
14460,111,3,434.34,Casual Customer
14461,149,3,2103.06,Casual Customer
14462,32,11,1980.57,Casual Customer
14463,171,3,529.62,Churned Customer
14465,69,3,1038.44,Casual Customer
14466,60,7,2272.4,Casual Customer
14467,18,4,596.26,Casual Customer
14470,12,2,461.19,Casual Customer
14472,64,8,1852.67,Casual Customer
14473,75,2,234.34000000000003,Casual Customer
14474,47,1,547.66,Casual Customer
14475,72,3,925.85,Casual Customer
14476,258,1,193.0,Churned Customer
14477,20,4,1309.6,Casual Customer
14479,254,2,316.25,Churned Customer
14480,12,1,279.05,Casual Customer
14481,165,2,636.51,Churned Customer
14482,19,6,2022.81,Casual Customer
14483,282,1,137.1,Churned Customer
14484,51,1,321.92,Casual Customer
14485,333,1,162.8,Churned Customer
14487,27,6,1165.48,Casual Customer
14488,275,1,1064.28,Churned Customer
14489,208,1,463.38,Churned Customer
14491,176,2,340.93,Churned Customer
14493,17,5,2383.2400000000002,Casual Customer
14494,26,1,139.56,Casual Customer
14495,51,2,123.8,Casual Customer
14496,342,2,538.8100000000001,Churned Customer
14497,283,1,475.37,Churned Customer
14498,43,5,1957.32,Casual Customer
14499,27,3,808.44,Casual Customer
14500,1,3,356.85,Casual Customer
14501,95,2,251.21,Casual Customer
14502,20,11,2429.83,Casual Customer
14503,11,6,3543.26,Casual Customer
14504,48,4,673.26,Casual Customer
14505,18,8,5859.43,Casual Customer
14506,18,5,1960.65,Casual Customer
14507,24,6,1367.88,Casual Customer
14508,22,2,268.05,Casual Customer
14511,12,5,1314.81,Casual Customer
14512,218,2,275.28,Churned Customer
14513,101,3,455.59000000000003,Casual Customer
14514,9,3,990.2,Casual Customer
14515,18,6,2076.89,Casual Customer
14517,142,2,330.45,Casual Customer
14518,183,1,174.37,Churned Customer
14520,120,2,270.6,Casual Customer
14522,25,4,974.54,Casual Customer
14523,109,1,241.09,Casual Customer
14524,72,9,1843.83,Casual Customer
14525,20,9,4215.9,Casual Customer
14527,1,55,8507.13,Loyal VIP Customer (Power Users)
14528,302,1,364.21999999999997,Churned Customer
14529,61,3,578.61,Casual Customer
14530,26,6,2862.11,Casual Customer
14532,237,4,932.85,Churned Customer
14533,25,7,1949.72,Casual Customer
14534,2,18,4397.3,Loyal VIP Customer (Power Users)
14535,61,3,2854.84,Casual Customer
14536,260,1,170.95,Churned Customer
14537,58,1,355.56,Casual Customer
14538,183,2,388.25,Churned Customer
14539,16,2,537.48,Casual Customer
14540,10,3,952.66,Casual Customer
14541,0,8,1453.35,Casual Customer
14542,157,1,103.25,Churned Customer
14543,29,16,3599.73,Loyal VIP Customer (Power Users)
14544,25,2,2004.3,Casual Customer
14546,41,5,2573.93,Casual Customer
14547,13,8,3974.75,Casual Customer
14548,3,2,652.8,Casual Customer
14549,342,1,289.24,Churned Customer
14550,11,2,757.37,Casual Customer
14551,19,2,186.23,Casual Customer
14552,33,1,164.22,Casual Customer
14553,20,5,859.27,Casual Customer
14554,11,4,2279.4900000000002,Casual Customer
14555,58,2,312.54,Casual Customer
14557,86,1,788.38,Casual Customer
14560,17,22,2237.77,Loyal VIP Customer (Power Users)
14561,76,3,1080.76,Casual Customer
14562,12,18,5006.77,Loyal VIP Customer (Power Users)
14565,114,4,3099.12,Casual Customer
14566,111,1,1432.0,Casual Customer
14567,57,2,1530.3600000000001,Casual Customer
14569,120,1,227.39,Casual Customer
14570,251,2,218.06,Churned Customer
14572,41,7,2804.54,Casual Customer
14573,35,9,1639.82,Casual Customer
14576,665,1,35.400000000000006,Churned Customer
14577,13,4,859.71,Casual Customer
14578,181,1,168.63,Churned Customer
14581,17,1,138.6,Casual Customer
14582,41,1,114.11,Casual Customer
14583,145,5,986.96,Casual Customer
14584,94,4,1033.06,Casual Customer
14585,51,1,157.05,Casual Customer
14586,129,1,237.36,Casual Customer
14587,9,9,1580.29,Casual Customer
14589,638,1,39.75,Churned Customer
14591,16,4,1320.21,Casual Customer
14592,57,3,557.94,Casual Customer
14593,22,3,617.15,Casual Customer
14594,301,2,363.33,Churned Customer
14595,20,6,1740.6,Casual Customer
14597,12,2,866.24,Casual Customer
14598,45,1,221.97,Casual Customer
14600,161,1,393.33000000000004,Churned Customer
14601,11,1,213.96,Casual Customer
14603,68,1,660.0,Casual Customer
14606,5,93,12076.15,Loyal VIP Customer (Power Users)
14607,16,14,16209.5,Loyal VIP Customer (Power Users)
14608,59,4,1785.15,Casual Customer
14609,73,4,601.56,Casual Customer
14616,36,3,406.08000000000004,Casual Customer
14618,10,3,553.44,Casual Customer
14619,128,1,394.44,Casual Customer
14620,206,2,412.78000000000003,Churned Customer
14621,90,5,1788.3600000000001,Casual Customer
14622,126,1,320.58000000000004,Casual Customer
14623,44,5,886.7,Casual Customer
14624,30,2,225.85,Casual Customer
14625,197,2,899.63,Churned Customer
14626,24,4,2791.27,Casual Customer
14628,36,2,671.96,Casual Customer
14629,48,2,955.26,Casual Customer
14631,51,3,1006.98,Casual Customer
14632,263,1,114.56,Churned Customer
14633,267,1,344.90000000000003,Churned Customer
14636,269,2,609.85,Churned Customer
14638,51,1,443.6,Casual Customer
14639,32,6,2984.49,Casual Customer
14640,25,6,2107.38,Casual Customer
14641,22,1,110.46,Casual Customer
14642,0,1,96.12,Casual Customer
14643,171,2,693.8100000000001,Churned Customer
14644,275,2,830.76,Churned Customer
14645,98,2,597.09,Casual Customer
14646,2,74,280206.02,B2B Distributor
14647,202,1,236.04000000000002,Churned Customer
14649,35,4,1402.59,Casual Customer
14651,5,2,653.75,Casual Customer
14652,78,1,114.18,Casual Customer
14653,10,7,1926.65,Casual Customer
14655,23,4,1932.23,Casual Customer
14656,170,2,291.05,Churned Customer
14657,18,4,848.22,Casual Customer
14658,118,2,247.15,Casual Customer
14659,79,9,2529.93,Casual Customer
14660,87,2,285.74,Casual Customer
14661,27,1,107.95,Casual Customer
14662,29,4,741.37,Casual Customer
14664,20,2,636.24,Casual Customer
14665,31,5,1835.7,Casual Customer
14666,25,1,195.25,Casual Customer
14667,11,25,9175.04,Loyal VIP Customer (Power Users)
14669,6,3,1259.24,Casual Customer
14670,251,2,392.86,Churned Customer
14672,162,2,765.55,Churned Customer
14673,10,5,1736.4,Casual Customer
14675,17,1,596.36,Casual Customer
14676,79,6,2548.2400000000002,Casual Customer
14680,26,16,28754.11,Loyal VIP Customer (Power Users)
14681,5,3,498.95,Casual Customer
14682,202,2,52.0,Churned Customer
14684,26,5,1201.51,Casual Customer
14687,107,1,628.38,Casual Customer
14688,3,21,5579.1,Loyal VIP Customer (Power Users)
14689,209,1,112.8,Churned Customer
14690,33,2,355.05,Casual Customer
14691,35,5,2114.33,Casual Customer
14692,138,4,591.55,Casual Customer
14693,265,1,172.9,Churned Customer
14696,2,7,2078.95,Casual Customer
14697,219,2,188.60999999999999,Churned Customer
14698,16,5,1217.27,Casual Customer
14699,96,1,109.13000000000001,Casual Customer
14700,152,3,2195.1,Casual Customer
14701,11,9,2526.09,Casual Customer
14702,19,17,3251.79,Loyal VIP Customer (Power Users)
14703,15,1,318.17,Casual Customer
14704,4,9,1493.96,Casual Customer
14705,199,1,179.0,Churned Customer
14708,125,3,1126.37,Casual Customer
14709,16,13,4921.04,Casual Customer
14710,15,4,599.48,Casual Customer
14711,11,11,2839.62,Casual Customer
14712,60,3,917.07,Casual Customer
14713,10,11,2662.2,Casual Customer
14714,25,1,160.19,Casual Customer
14715,9,4,867.38,Casual Customer
14716,43,2,307.51,Casual Customer
14719,11,5,1581.84,Casual Customer
14720,31,3,663.81,Casual Customer
14722,148,1,180.42000000000002,Casual Customer
14723,11,6,1122.3600000000001,Casual Customer
14725,25,1,655.58,Casual Customer
14727,68,1,268.58,Casual Customer
14729,697,1,313.49,Churned Customer
14730,108,8,1897.57,Casual Customer
14731,35,3,380.02,Casual Customer
14732,1,8,2702.4900000000002,Casual Customer
14733,17,12,9585.91,Loyal VIP Customer (Power Users)
14735,12,32,6065.69,Loyal VIP Customer (Power Users)
14737,181,3,1164.55,Churned Customer
14738,5,7,1314.45,Casual Customer
14739,20,7,3902.28,Casual Customer
14740,197,3,1448.21,Churned Customer
14741,12,6,1400.34,Casual Customer
14744,17,7,1099.98,Casual Customer
14745,113,5,1220.26,Casual Customer
14747,250,1,328.2,Churned Customer
14748,35,5,1415.75,Casual Customer
14752,44,1,389.64,Casual Customer
14753,88,1,563.15,Casual Customer
14754,45,2,638.05,Casual Customer
14755,10,11,5010.28,Casual Customer
14756,15,1,738.96,Casual Customer
14757,76,1,420.5,Casual Customer
14758,145,4,1484.06,Casual Customer
14759,113,3,1625.97,Casual Customer
14760,298,1,89.2,Churned Customer
14761,0,2,255.9,Casual Customer
14762,264,1,300.52,Churned Customer
14764,47,1,278.3,Casual Customer
14765,59,3,254.11,Casual Customer
14766,66,6,2473.37,Casual Customer
14768,18,2,192.60000000000002,Casual Customer
14769,83,8,10416.98,Casual Customer
14770,233,2,876.42,Churned Customer
14772,113,1,139.26,Casual Customer
14775,0,3,1011.9,Casual Customer
14776,52,11,2538.3,Casual Customer
14778,246,2,730.86,Churned Customer
14779,251,3,386.15,Churned Customer
14780,55,2,447.68,Casual Customer
14782,320,1,200.10000000000002,Churned Customer
14784,27,2,289.99,Casual Customer
14785,11,2,77.4,Casual Customer
14788,27,2,679.4399999999999,Casual Customer
14789,29,1,197.64,Casual Customer
14790,2,4,745.06,Casual Customer
14792,153,1,6.2,Casual Customer
14793,22,1,228.99,Casual Customer
14794,10,7,1319.91,Casual Customer
14795,167,1,131.45000000000002,Churned Customer
14796,23,17,7975.49,Loyal VIP Customer (Power Users)
14798,53,3,173.74,Casual Customer
14799,52,1,157.7,Casual Customer
14800,30,12,4331.79,Casual Customer
14801,91,1,189.34,Casual Customer
14803,98,3,845.55,Casual Customer
14804,332,1,353.27,Churned Customer
14805,16,4,546.4,Casual Customer
14806,76,1,193.39000000000001,Casual Customer
14808,40,8,2718.6,Casual Customer
14810,41,11,2085.33,Casual Customer
14813,577,2,152.88,Churned Customer
14815,274,2,778.5,Churned Customer
14816,198,1,271.85,Churned Customer
14817,160,2,1110.34,Churned Customer
14818,74,3,657.8,Casual Customer
14819,183,2,272.07,Churned Customer
14820,22,4,507.29,Casual Customer
14821,485,1,48.800000000000004,Churned Customer
14823,4,3,321.43,Casual Customer
14824,11,4,1127.71,Casual Customer
14825,16,12,2221.01,Casual Customer
14828,162,3,2139.76,Churned Customer
14829,60,4,697.55,Casual Customer
14830,54,1,188.88,Casual Customer
14834,0,6,1720.3,Casual Customer
14836,11,3,102.44999999999999,Casual Customer
14837,31,4,1649.5,Casual Customer
14840,268,1,62.85,Churned Customer
14841,30,6,3295.76,Casual Customer
14842,44,4,2824.69,Casual Customer
14844,6,4,3189.81,Casual Customer
14847,149,1,309.4,Casual Customer
14849,2,25,7930.54,Loyal VIP Customer (Power Users)
14850,342,1,325.75,Churned Customer
14851,24,2,511.35,Casual Customer
14852,0,6,2836.69,Casual Customer
14853,5,2,475.8,Casual Customer
14854,68,7,2740.03,Casual Customer
14855,2,2,645.65,Casual Customer
14856,57,3,1290.53,Casual Customer
14857,30,2,1173.12,Casual Customer
14859,13,4,1353.74,Casual Customer
14860,20,1,170.32,Casual Customer
14861,53,1,125.79,Casual Customer
14862,26,2,841.1999999999999,Casual Customer
14863,60,1,266.76,Casual Customer
14865,301,2,52.2,Churned Customer
14866,11,12,14389.9,Loyal VIP Customer (Power Users)
14867,157,3,710.28,Casual Customer
14868,22,8,2953.59,Casual Customer
14869,104,2,721.45,Casual Customer
14870,262,1,327.25,Churned Customer
14871,179,4,501.28000000000003,Churned Customer
14873,211,1,519.68,Churned Customer
14875,108,2,1465.3200000000002,Casual Customer
14878,4,9,1476.09,Casual Customer
14880,78,3,690.59,Casual Customer
14881,20,1,255.4,Casual Customer
14882,27,2,589.7,Casual Customer
14883,5,6,761.59,Casual Customer
14885,132,1,765.3199999999999,Casual Customer
14886,340,1,364.8,Churned Customer
14887,80,1,1862.0,Casual Customer
14888,208,1,369.2,Churned Customer
14889,162,1,135.9,Churned Customer
14890,254,1,125.65,Churned Customer
14891,148,2,554.38,Casual Customer
14893,10,2,1237.8500000000001,Casual Customer
14894,86,1,655.75,Casual Customer
14895,41,20,11138.710000000001,Loyal VIP Customer (Power Users)
14896,205,2,468.77000000000004,Churned Customer
14897,1,4,1366.38,Casual Customer
14898,24,6,1269.31,Casual Customer
14901,1,9,1421.29,Casual Customer
14902,26,1,332.66,Casual Customer
14903,22,5,2795.33,Casual Customer
14904,26,2,1025.44,Casual Customer
14905,217,2,616.15,Churned Customer
14907,29,7,3501.1,Casual Customer
14908,75,1,277.8,Casual Customer
14910,26,4,434.35,Casual Customer
14911,0,201,143711.17,B2B Distributor
14912,17,2,867.85,Casual Customer
14913,37,4,1227.43,Casual Customer
14915,92,2,307.48,Casual Customer
14916,71,4,1268.98,Casual Customer
14918,116,2,1610.15,Casual Customer
14920,35,2,977.77,Casual Customer
14921,90,2,1316.07,Casual Customer
14923,51,1,749.1,Casual Customer
14924,128,1,310.05,Casual Customer
14929,151,1,223.88,Casual Customer
14930,68,3,2362.96,Casual Customer
14931,23,5,1257.68,Casual Customer
14932,454,1,363.53,Churned Customer
14934,82,2,1890.94,Casual Customer
14935,298,1,1784.71,Churned Customer
14936,98,8,8137.02,Casual Customer
14937,57,3,1621.88,Casual Customer
14944,60,12,5900.25,Casual Customer
14946,15,1,100.9,Casual Customer
14947,73,2,290.82,Casual Customer
14948,24,6,1101.97,Casual Customer
14950,20,1,371.2,Casual Customer
14951,80,1,311.69,Casual Customer
14952,1,11,8099.49,Casual Customer
14953,26,1,285.67,Casual Customer
14954,13,1,294.85,Casual Customer
14957,253,1,58.49,Churned Customer
14958,128,3,483.72999999999996,Casual Customer
14959,110,4,695.42,Casual Customer
14960,172,2,221.27,Churned Customer
14961,11,9,7044.68,Casual Customer
14962,271,1,126.7,Churned Customer
14963,10,5,1472.34,Casual Customer
14964,189,1,206.21,Churned Customer
14965,245,2,596.09,Churned Customer
14966,15,1,183.02,Casual Customer
14967,50,1,463.8,Casual Customer
14968,90,1,147.59,Casual Customer
14970,138,4,1592.06,Casual Customer
14971,44,3,1097.98,Casual Customer
14972,277,1,114.77,Churned Customer
14973,108,3,1314.45,Casual Customer
14974,302,1,89.94,Churned Customer
14975,58,1,279.94,Casual Customer
14976,58,7,790.86,Casual Customer
14978,73,5,1921.3700000000001,Casual Customer
14981,159,1,102.12,Churned Customer
14984,4,2,202.37,Casual Customer
14985,199,2,292.01,Churned Customer
14987,16,2,326.4,Casual Customer
14988,5,1,334.54,Casual Customer
14995,251,2,231.98000000000002,Churned Customer
14997,1,3,546.1999999999999,Casual Customer
14998,6,2,414.87,Casual Customer
15000,48,1,490.52,Casual Customer
15002,116,4,1641.76,Casual Customer
15004,148,1,1220.77,Casual Customer
15005,16,28,6295.37,Loyal VIP Customer (Power Users)
15006,52,1,480.38,Casual Customer
15007,278,1,156.91,Churned Customer
15009,13,3,1259.43,Casual Customer
15010,243,1,308.94,Churned Customer
15012,54,2,405.04,Casual Customer
15014,43,2,257.67,Casual Customer
15016,173,1,170.04,Churned Customer
15017,182,1,125.58,Churned Customer
15018,333,3,496.21000000000004,Churned Customer
15019,267,1,252.81,Churned Customer
15021,27,9,1871.77,Casual Customer
15022,12,4,852.39,Casual Customer
15023,40,11,6720.41,Casual Customer
15024,10,10,1636.43,Casual Customer
15025,182,1,361.96,Churned Customer
15026,81,3,469.0,Casual Customer
15027,90,4,1066.1499999999999,Casual Customer
15028,43,4,627.13,Casual Customer
15030,72,2,518.28,Casual Customer
15031,89,4,653.19,Casual Customer
15032,257,3,4959.1,Churned Customer
15033,26,10,2557.18,Casual Customer
15034,16,8,4274.16,Casual Customer
15035,31,1,252.73000000000002,Casual Customer
15036,73,3,429.56,Casual Customer
15038,0,6,685.74,Casual Customer
15039,10,47,19766.59,Loyal VIP Customer (Power Users)
15041,171,1,179.93,Churned Customer
15042,200,1,135.93,Churned Customer
15043,121,1,537.0,Casual Customer
15044,6,17,7634.7300000000005,Loyal VIP Customer (Power Users)
15045,33,2,735.66,Casual Customer
15046,10,15,5090.42,Loyal VIP Customer (Power Users)
15047,270,1,343.62,Churned Customer
15048,117,4,381.0,Casual Customer
15049,37,1,121.17000000000002,Casual Customer
15050,26,3,1737.69,Casual Customer
15051,3,3,1383.3600000000001,Casual Customer
15052,320,1,207.73000000000002,Churned Customer
15053,186,3,693.95,Churned Customer
15054,13,2,302.1,Casual Customer
15057,98,2,1489.5,Casual Customer
15058,26,11,2102.54,Casual Customer
15059,41,9,1337.72,Casual Customer
15060,10,4,294.25,Casual Customer
15061,5,48,54534.14,Loyal VIP Customer (Power Users)
15062,72,4,987.86,Casual Customer
15063,66,1,370.79999999999995,Casual Customer
15065,165,4,3158.13,Churned Customer
15066,54,1,893.59,Casual Customer
15067,79,3,1744.76,Casual Customer
15068,47,2,553.36,Casual Customer
15069,180,1,1109.53,Churned Customer
15070,666,1,106.2,Churned Customer
15071,98,2,982.07,Casual Customer
15073,10,3,1043.41,Casual Customer
15074,106,1,735.67,Casual Customer
15075,78,1,773.03,Casual Customer
15076,173,1,880.85,Churned Customer
15078,12,32,9743.11,Loyal VIP Customer (Power Users)
15079,35,4,895.61,Casual Customer
15081,23,5,504.8,Casual Customer
15083,257,1,88.2,Churned Customer
15087,282,1,306.94,Churned Customer
15088,22,2,1160.07,Casual Customer
15089,11,6,2420.84,Casual Customer
15090,252,1,381.32,Churned Customer
15091,275,1,480.71,Churned Customer
15092,127,2,457.81,Casual Customer
15093,19,6,4597.02,Casual Customer
15095,104,4,1370.6,Casual Customer
15096,43,1,219.39000000000001,Casual Customer
15097,212,1,248.08,Churned Customer
15098,65,3,39916.5,Loyal VIP Customer (Power Users)
15099,85,1,410.48,Casual Customer
15100,70,3,876.0,Casual Customer
15101,332,2,317.53,Churned Customer
15103,87,2,703.36,Casual Customer
15104,197,2,993.54,Churned Customer
15105,19,7,2298.93,Casual Customer
15106,5,5,1422.52,Casual Customer
15107,39,6,319.5,Casual Customer
15108,142,4,1300.25,Casual Customer
15109,128,1,484.95,Casual Customer
15110,24,4,996.1,Casual Customer
15111,60,3,1567.48,Casual Customer
15113,10,3,3509.43,Casual Customer
15114,38,10,2760.56,Casual Customer
15115,19,1,340.11,Casual Customer
15116,18,4,1352.75,Casual Customer
15117,15,5,1551.78,Casual Customer
15118,135,1,244.8,Casual Customer
15119,128,1,266.4,Casual Customer
15120,134,1,358.82,Casual Customer
15121,51,2,457.72,Casual Customer
15122,115,3,1633.78,Casual Customer
15123,207,2,2199.31,Churned Customer
15124,23,2,184.19,Casual Customer
15125,26,15,11528.48,Loyal VIP Customer (Power Users)
15127,214,1,406.53,Churned Customer
15128,61,4,1471.0,Casual Customer
15129,51,11,3447.4,Casual Customer
15130,170,1,330.11,Churned Customer
15132,19,5,977.9300000000001,Casual Customer
15133,38,3,982.42,Casual Customer
15134,15,8,1387.99,Casual Customer
15135,239,1,139.05,Churned Customer
15136,23,4,1286.7,Casual Customer
15139,162,2,178.96,Churned Customer
15140,53,7,2354.25,Casual Customer
15142,47,1,498.74,Casual Customer
15143,226,1,259.45,Churned Customer
15144,0,17,6580.44,Loyal VIP Customer (Power Users)
15145,44,4,1194.73,Casual Customer
15146,165,2,1327.16,Churned Customer
15147,241,1,623.5,Churned Customer
15148,11,1,301.29,Casual Customer
15149,134,1,520.8000000000001,Casual Customer
15150,18,10,5291.33,Casual Customer
15152,10,13,4745.69,Casual Customer
15153,121,1,329.25,Casual Customer
15154,76,1,254.28,Casual Customer
15156,119,3,961.49,Casual Customer
15157,125,3,1936.07,Casual Customer
15158,46,1,401.40000000000003,Casual Customer
15159,19,30,18641.010000000002,Loyal VIP Customer (Power Users)
15160,358,1,158.16,Churned Customer
15163,19,2,304.47,Casual Customer
15164,209,3,824.58,Churned Customer
15165,697,1,487.75,Churned Customer
15167,321,1,158.8,Churned Customer
15168,26,1,106.56,Casual Customer
15171,9,1,1289.5,Casual Customer
15172,71,5,1624.05,Casual Customer
15174,323,1,135.75,Churned Customer
15175,72,1,224.14,Casual Customer
15178,261,1,40.5,Churned Customer
15179,19,5,2206.95,Casual Customer
15180,516,1,87.5,Churned Customer
15181,176,3,689.4799999999999,Churned Customer
15182,125,2,622.85,Casual Customer
15184,60,2,402.2,Casual Customer
15185,71,1,310.62,Casual Customer
15186,15,2,411.41,Casual Customer
15187,16,16,4777.18,Loyal VIP Customer (Power Users)
15189,6,41,16225.39,Loyal VIP Customer (Power Users)
15192,2,3,1044.32,Casual Customer
15193,61,1,499.32,Casual Customer
15194,78,15,7616.53,Loyal VIP Customer (Power Users)
15195,151,1,3861.0,Casual Customer
15197,11,3,1079.6100000000001,Casual Customer
15198,123,2,193.64,Casual Customer
15199,30,4,1268.7,Casual Customer
15201,88,5,1236.54,Casual Customer
15203,26,6,1827.8,Casual Customer
15204,358,1,316.58,Churned Customer
15205,85,2,653.24,Casual Customer
15206,11,4,420.29999999999995,Casual Customer
15208,119,5,870.12,Casual Customer
15210,226,1,331.18,Churned Customer
15211,61,2,894.4100000000001,Casual Customer
15212,6,1,101.8,Casual Customer
15213,319,2,328.35,Churned Customer
15214,11,8,1661.44,Casual Customer
15215,47,3,734.94,Casual Customer
15216,88,1,96.6,Casual Customer
15218,11,11,5756.89,Casual Customer
15219,177,1,305.75,Churned Customer
15220,52,6,1778.96,Casual Customer
15221,485,1,403.25,Churned Customer
15222,319,1,585.0,Churned Customer
15223,226,2,755.75,Churned Customer
15224,359,2,322.08,Churned Customer
15225,235,1,409.40000000000003,Churned Customer
15226,311,1,154.41,Churned Customer
15227,127,5,1219.4,Casual Customer
15228,170,4,3386.71,Churned Customer
15230,240,2,429.6,Churned Customer
15232,114,2,612.06,Casual Customer
15234,129,1,197.0,Casual Customer
15235,159,12,2247.51,Casual Customer
15236,299,1,321.05,Churned Customer
15237,79,4,1412.32,Casual Customer
15238,60,3,1071.99,Casual Customer
15239,11,2,780.59,Casual Customer
15240,6,5,1706.57,Casual Customer
15241,74,8,1756.44,Casual Customer
15243,75,1,316.68,Casual Customer
15244,214,2,631.57,Churned Customer
15245,134,3,2515.84,Casual Customer
15246,239,2,514.15,Churned Customer
15247,93,1,356.0,Casual Customer
15249,2,13,6688.46,Loyal VIP Customer (Power Users)
15251,3,11,10484.99,Loyal VIP Customer (Power Users)
15252,95,2,740.78,Casual Customer
15253,1,5,918.1999999999999,Casual Customer
15254,246,1,300.36,Churned Customer
15255,244,1,890.85,Churned Customer
15256,149,1,98.45,Casual Customer
15257,341,1,317.15,Churned Customer
15258,169,2,623.16,Churned Customer
15260,101,7,1810.77,Casual Customer
15261,136,1,254.82,Casual Customer
15262,324,1,178.95000000000002,Churned Customer
15263,107,1,156.51,Casual Customer
15264,183,1,393.74,Churned Customer
15265,33,2,1506.1200000000001,Casual Customer
15266,223,1,119.3,Churned Customer
15267,0,5,1717.36,Casual Customer
15269,24,1,408.8,Casual Customer
15270,16,7,2379.49,Casual Customer
15271,4,15,2493.34,Loyal VIP Customer (Power Users)
15272,58,2,721.94,Casual Customer
15274,19,2,716.57,Casual Customer
15275,302,1,615.14,Churned Customer
15276,244,1,128.63,Churned Customer
15277,47,1,255.89999999999998,Casual Customer
15279,355,1,290.51,Churned Customer
15280,173,1,113.12,Churned Customer
15281,0,9,2332.15,Casual Customer
15286,50,1,240.55,Casual Customer
15287,23,2,486.69,Casual Customer
15288,44,5,2306.52,Casual Customer
15289,60,3,939.78,Casual Customer
15290,43,18,7943.22,Loyal VIP Customer (Power Users)
15291,4,15,4668.3,Loyal VIP Customer (Power Users)
15292,202,1,178.39,Churned Customer
15296,35,6,3672.86,Casual Customer
15297,11,3,641.94,Casual Customer
15298,11,12,4799.9,Casual Customer
15299,165,7,4507.01,Casual Customer
15300,183,1,496.44,Churned Customer
15301,51,12,5049.95,Casual Customer
15303,291,1,574.02,Churned Customer
15304,61,8,694.4000000000001,Casual Customer
15306,123,3,1174.35,Casual Customer
15307,215,1,205.3,Churned Customer
15308,68,1,310.47,Casual Customer
15311,0,91,60632.75,B2B Distributor
15312,76,4,924.85,Casual Customer
15313,111,1,52.0,Casual Customer
15314,200,1,327.97,Churned Customer
15315,117,2,570.5,Casual Customer
15316,327,1,165.0,Churned Customer
15318,181,1,312.62,Churned Customer
15319,341,1,204.5,Churned Customer
15320,45,1,267.13,Casual Customer
15321,71,3,2748.31,Casual Customer
15322,86,1,679.68,Casual Customer
15325,104,1,161.74,Casual Customer
15326,70,1,311.71,Casual Customer
15327,53,1,208.75,Casual Customer
15329,40,3,1049.7,Casual Customer
15330,61,2,714.96,Casual Customer
15332,485,4,1661.06,Churned Customer
15333,209,1,1028.56,Churned Customer
15334,164,3,350.82,Churned Customer
15335,54,1,170.22,Casual Customer
15339,244,2,574.07,Churned Customer
15341,81,1,2020.52,Casual Customer
15342,305,1,406.09,Churned Customer
15343,88,1,364.5,Casual Customer
15344,75,3,563.94,Casual Customer
15345,46,1,393.54,Casual Customer
15346,39,1,252.42000000000002,Casual Customer
15347,485,1,201.60000000000002,Churned Customer
15348,73,1,158.04,Casual Customer
15349,218,2,463.90999999999997,Churned Customer
15350,697,1,115.65,Churned Customer
15351,13,7,1934.66,Casual Customer
15353,255,2,770.12,Churned Customer
15355,54,2,277.05,Casual Customer
15356,72,10,2718.03,Casual Customer
15358,1,22,8347.2,Loyal VIP Customer (Power Users)
15360,40,1,427.93,Casual Customer
15361,362,1,418.92,Churned Customer
15363,666,1,326.0,Churned Customer
15364,215,2,913.19,Churned Customer
15365,26,7,2314.32,Casual Customer
15366,76,2,602.51,Casual Customer
15367,58,4,1877.59,Casual Customer
15368,22,1,446.94000000000005,Casual Customer
15370,30,7,2386.05,Casual Customer
15372,138,1,2007.3999999999999,Casual Customer
15373,19,12,2415.91,Casual Customer
15374,277,1,168.0,Churned Customer
15376,41,3,1221.56,Casual Customer
15379,98,7,3703.29,Casual Customer
15380,47,5,1690.2600000000002,Casual Customer
15381,66,2,596.85,Casual Customer
15382,15,6,5955.71,Casual Customer
15384,170,2,642.41,Churned Customer
15385,41,1,316.88,Casual Customer
15386,187,1,394.14,Churned Customer
15388,271,1,140.54,Churned Customer
15389,173,1,500.0,Churned Customer
15392,1,4,1535.53,Casual Customer
15393,17,2,231.86,Casual Customer
15394,10,4,2183.54,Casual Customer
15395,326,1,107.45,Churned Customer
15396,113,1,288.18,Casual Customer
15397,290,1,94.0,Churned Customer
15398,17,2,1345.53,Casual Customer
15399,23,3,815.77,Casual Customer
15400,114,5,716.2,Casual Customer
15402,149,2,626.77,Casual Customer
15405,279,1,349.1,Churned Customer
15406,38,2,510.71000000000004,Casual Customer
15407,95,4,1046.74,Casual Customer
15408,265,1,267.18,Churned Customer
15410,85,8,3450.84,Casual Customer
15411,27,4,1348.93,Casual Customer
15412,172,1,190.53,Churned Customer
15414,10,3,774.9000000000001,Casual Customer
15415,314,1,559.61,Churned Customer
15416,155,4,3984.32,Casual Customer
15417,86,1,508.8,Casual Customer
15419,25,1,135.86,Casual Customer
15421,0,4,950.36,Casual Customer
15422,324,2,97.7,Churned Customer
15423,333,1,43.5,Churned Customer
15424,255,2,383.34,Churned Customer
15426,20,5,1404.07,Casual Customer
15427,48,3,1430.54,Casual Customer
15428,16,1,93.78,Casual Customer
15429,27,2,397.35,Casual Customer
15432,24,1,171.19,Casual Customer
15433,66,2,533.3,Casual Customer
15434,108,5,1041.48,Casual Customer
15435,23,1,149.29,Casual Customer
15436,13,3,1067.75,Casual Customer
15437,263,1,200.16,Churned Customer
15438,132,1,156.57999999999998,Casual Customer
15440,55,3,383.68,Casual Customer
15442,220,1,594.0,Churned Customer
15443,13,7,3213.59,Casual Customer
15444,9,2,1411.21,Casual Customer
15445,265,1,113.5,Churned Customer
15447,331,1,155.17,Churned Customer
15448,313,1,494.64,Churned Customer
15449,27,3,974.52,Casual Customer
15450,90,1,429.84,Casual Customer
15452,60,3,528.48,Casual Customer
15453,57,7,1371.77,Casual Customer
15454,363,1,179.1,Churned Customer
15456,341,3,434.59000000000003,Churned Customer
15457,263,1,237.07,Churned Customer
15458,26,1,161.64,Casual Customer
15460,355,1,214.26,Churned Customer
15462,144,3,234.6,Casual Customer
15463,60,1,126.14,Casual Customer
15464,223,1,1044.65,Churned Customer
15465,4,18,7354.62,Loyal VIP Customer (Power Users)
15466,86,1,334.53,Casual Customer
15467,10,3,524.88,Casual Customer
15468,52,2,467.51,Casual Customer
15469,32,2,538.55,Casual Customer
15471,151,1,454.48,Casual Customer
15472,114,1,371.56,Casual Customer
15473,0,7,1771.2,Casual Customer
15475,78,1,454.10999999999996,Casual Customer
15478,41,2,1399.92,Casual Customer
15480,117,1,905.5,Casual Customer
15482,16,12,10879.76,Loyal VIP Customer (Power Users)
15483,267,4,225.26,Churned Customer
15484,19,4,3590.41,Casual Customer
15485,90,3,2564.5,Casual Customer
15488,123,1,91.32000000000001,Casual Customer
15489,5,3,1134.28,Casual Customer
15491,101,6,3100.09,Casual Customer
15492,29,2,659.4599999999999,Casual Customer
15493,150,5,1953.41,Casual Customer
15494,22,2,1280.58,Casual Customer
15497,18,2,1262.2,Casual Customer
15498,5,27,13316.4,Loyal VIP Customer (Power Users)
15500,19,4,1131.56,Casual Customer
15502,16,12,10384.93,Loyal VIP Customer (Power Users)
15503,363,1,141.04,Churned Customer
15504,82,1,52.83,Casual Customer
15505,53,5,3610.96,Casual Customer
15506,23,3,972.08,Casual Customer
15507,172,1,475.86,Churned Customer
15508,226,6,1000.27,Churned Customer
15510,331,1,250.0,Churned Customer
15511,12,5,900.53,Casual Customer
15512,156,2,121.0,Casual Customer
15513,5,19,14758.220000000001,Loyal VIP Customer (Power Users)
15514,13,11,4023.7200000000003,Casual Customer
15516,45,3,62.43,Casual Customer
15517,234,1,267.03,Churned Customer
15518,39,8,1921.55,Casual Customer
15520,120,1,343.5,Casual Customer
15521,35,8,3000.2,Casual Customer
15522,88,2,397.99,Casual Customer
15523,85,1,412.01000000000005,Casual Customer
15524,25,1,440.0,Casual Customer
15525,18,3,734.37,Casual Customer
15526,182,2,148.44,Churned Customer
15527,19,8,2428.53,Casual Customer
15528,255,1,229.33,Churned Customer
15529,23,11,3962.6,Casual Customer
15530,22,4,1497.31,Casual Customer
15531,89,2,1972.39,Casual Customer
15532,26,4,1564.73,Casual Customer
15533,20,3,807.57,Casual Customer
15535,174,4,502.9,Churned Customer
15537,164,1,110.92,Churned Customer
15539,301,1,538.46,Churned Customer
15540,12,1,213.3,Casual Customer
15541,115,1,85.13000000000001,Casual Customer
15543,289,1,127.86,Churned Customer
15544,2,9,3546.71,Casual Customer
15545,55,2,288.96999999999997,Casual Customer
15547,31,14,4910.6,Loyal VIP Customer (Power Users)
15549,78,3,1681.46,Casual Customer
15550,38,4,575.63,Casual Customer
15551,274,1,436.06,Churned Customer
15552,188,1,90.12,Churned Customer
15553,61,1,428.93,Casual Customer
15554,160,1,217.2,Churned Customer
15555,0,16,4794.86,Loyal VIP Customer (Power Users)
15556,25,1,279.77,Casual Customer
15557,29,1,468.91,Casual Customer
15561,12,4,800.59,Casual Customer
15562,352,1,134.55,Churned Customer
15563,23,4,1400.44,Casual Customer
15565,51,2,173.16,Casual Customer
15567,19,1,186.01,Casual Customer
15568,45,3,758.29,Casual Customer
15569,39,5,1375.71,Casual Customer
15570,11,12,4148.82,Casual Customer
15571,12,4,650.4300000000001,Casual Customer
15572,26,7,2533.42,Casual Customer
15573,86,2,591.1899999999999,Casual Customer
15574,178,4,675.64,Churned Customer
15576,302,1,921.37,Churned Customer
15577,33,3,258.88,Casual Customer
15578,163,1,127.1,Churned Customer
15579,303,2,327.6,Churned Customer
15581,32,13,3675.77,Casual Customer
15582,25,3,682.9100000000001,Casual Customer
15584,24,4,720.86,Casual Customer
15585,177,1,455.3,Churned Customer
15587,31,4,913.6800000000001,Casual Customer
15589,256,3,478.53000000000003,Churned Customer
15592,47,1,388.58,Casual Customer
15593,71,1,199.8,Casual Customer
15594,16,5,1771.78,Casual Customer
15596,96,5,1406.59,Casual Customer
15597,243,1,324.57,Churned Customer
15598,54,1,240.68,Casual Customer
15599,27,2,761.74,Casual Customer
15601,12,14,6776.56,Loyal VIP Customer (Power Users)
15602,22,9,1297.8700000000001,Casual Customer
15603,79,1,48.480000000000004,Casual Customer
15604,53,1,216.39,Casual Customer
15605,31,5,1198.23,Casual Customer
15606,2,9,2920.16,Casual Customer
15607,162,1,104.76,Churned Customer
15608,29,4,1093.68,Casual Customer
15609,126,1,298.48,Casual Customer
15610,52,1,112.46000000000001,Casual Customer
15611,10,13,1591.45,Casual Customer
15612,91,2,195.15,Casual Customer
15615,11,23,10399.74,Loyal VIP Customer (Power Users)
15618,123,4,776.851,Casual Customer
15619,11,1,336.40000000000003,Casual Customer
15620,57,3,1553.18,Casual Customer
15621,12,4,1293.03,Casual Customer
15622,44,9,3709.56,Casual Customer
15623,141,1,301.03,Casual Customer
15624,117,4,588.13,Casual Customer
15625,104,4,1534.26,Casual Customer
15626,75,2,675.8,Casual Customer
15628,25,9,2870.2400000000002,Casual Customer
15630,46,2,1186.35,Casual Customer
15632,16,8,3285.31,Casual Customer
15634,18,1,243.55,Casual Customer
15636,31,2,724.76,Casual Customer
15637,53,1,223.36,Casual Customer
15639,135,1,425.32,Casual Customer
15640,17,15,12416.11,Loyal VIP Customer (Power Users)
15641,106,4,1887.2,Casual Customer
15643,310,3,664.0,Churned Customer
15644,167,4,803.54,Churned Customer
15645,19,1,612.01,Casual Customer
15646,159,3,447.64000000000004,Casual Customer
15648,205,2,639.5,Churned Customer
15649,162,2,816.0,Churned Customer
15651,261,3,646.3,Churned Customer
15652,92,1,337.74,Casual Customer
15653,116,2,877.4399999999999,Casual Customer
15654,10,2,922.53,Casual Customer
15655,67,1,560.67,Casual Customer
15656,46,4,748.5,Casual Customer
15657,23,1,30.0,Casual Customer
15658,198,5,1024.1000000000001,Churned Customer
15659,44,1,306.45,Casual Customer
15660,26,9,1600.86,Casual Customer
15661,223,2,309.8,Churned Customer
15663,107,1,138.14,Casual Customer
15664,51,1,386.43,Casual Customer
15665,67,2,2222.21,Casual Customer
15667,40,1,301.32,Casual Customer
15668,188,1,76.32000000000001,Churned Customer
15669,41,4,684.34,Casual Customer
15670,297,1,173.05,Churned Customer
15671,19,7,2657.13,Casual Customer
15673,1,4,2726.23,Casual Customer
15674,66,5,2446.6,Casual Customer
15675,82,3,323.69,Casual Customer
15676,19,3,3435.76,Casual Customer
15677,50,1,657.23,Casual Customer
15678,53,1,352.7,Casual Customer
15679,25,4,781.28,Casual Customer
15680,10,3,1333.68,Casual Customer
15681,26,5,1426.16,Casual Customer
15683,118,1,193.75,Casual Customer
15687,24,9,2993.1,Casual Customer
15689,2,2,254.1,Casual Customer
15690,101,2,239.76,Casual Customer
15691,340,1,136.8,Churned Customer
15692,29,1,191.04,Casual Customer
15694,26,14,6479.4,Loyal VIP Customer (Power Users)
15695,267,2,409.98,Churned Customer
15696,80,8,2711.11,Casual Customer
15699,18,1,309.65,Casual Customer
15700,173,2,696.68,Churned Customer
15701,74,4,1529.0,Casual Customer
15703,265,1,211.5,Churned Customer
15704,127,4,2293.62,Casual Customer
15705,202,1,143.1,Churned Customer
15706,76,4,1060.56,Casual Customer
15707,44,4,916.98,Casual Customer
15708,41,7,3235.25,Casual Customer
15709,341,1,133.25,Churned Customer
15712,10,5,1072.3600000000001,Casual Customer
15713,144,2,356.7,Casual Customer
15714,12,2,330.03000000000003,Casual Customer
15716,146,4,1101.1100000000001,Casual Customer
15717,235,1,150.3,Churned Customer
15719,152,13,5030.07,Casual Customer
15720,25,1,598.73,Casual Customer
15721,12,1,471.40000000000003,Casual Customer
15722,109,5,2211.21,Casual Customer
15723,424,1,190.7,Churned Customer
15724,202,2,218.25,Churned Customer
15725,16,1,415.25,Casual Customer
15727,9,7,5159.06,Casual Customer
15729,35,1,85.0,Casual Customer
15730,123,3,1120.88,Casual Customer
15732,35,2,294.12,Casual Customer
15733,310,1,162.3,Churned Customer
15734,115,2,1339.45,Casual Customer
15737,15,8,1188.1200000000001,Casual Customer
15738,19,16,4812.42,Loyal VIP Customer (Power Users)
15739,244,1,449.12,Churned Customer
15740,50,1,154.88,Casual Customer
15743,17,4,775.96,Casual Customer
15744,78,1,34.8,Casual Customer
15745,20,4,1094.59,Casual Customer
15746,135,1,196.88,Casual Customer
15747,13,3,946.64,Casual Customer
15748,41,1,144.36,Casual Customer
15749,39,3,44534.3,Loyal VIP Customer (Power Users)
15750,15,8,2463.05,Casual Customer
15752,40,7,2626.6,Casual Customer
15753,130,1,79.2,Casual Customer
15754,52,3,458.57,Casual Customer
15755,1,6,2364.25,Casual Customer
15756,64,4,528.01,Casual Customer
15757,188,2,714.42,Churned Customer
15758,25,1,205.25,Casual Customer
15759,219,3,253.04,Churned Customer
15762,78,2,583.75,Casual Customer
15763,78,2,1086.92,Casual Customer
15764,0,6,3279.97,Casual Customer
15766,183,1,315.06,Churned Customer
15768,116,3,621.8299999999999,Casual Customer
15769,41,26,56252.72,Loyal VIP Customer (Power Users)
15773,242,1,635.6800000000001,Churned Customer
15774,303,1,270.8,Churned Customer
15775,128,1,104.9,Casual Customer
15776,134,1,241.62,Casual Customer
15777,6,4,1047.11,Casual Customer
15780,36,3,475.28000000000003,Casual Customer
15781,26,3,345.46,Casual Customer
15782,10,3,2614.7400000000002,Casual Customer
15783,11,1,246.3,Casual Customer
15785,152,5,2328.9700000000003,Casual Customer
15786,47,3,4919.0,Casual Customer
15787,27,3,933.26,Casual Customer
15789,359,1,351.3,Churned Customer
15790,11,1,218.75,Casual Customer
15791,44,2,1612.69,Casual Customer
15793,15,3,965.61,Casual Customer
15795,150,1,610.01,Casual Customer
15796,18,8,2708.61,Casual Customer
15797,96,4,2207.4,Casual Customer
15799,76,3,884.14,Casual Customer
15800,108,2,696.89,Casual Customer
15801,47,3,1063.95,Casual Customer
15802,143,1,451.42,Casual Customer
15803,52,1,415.82000000000005,Casual Customer
15804,12,13,4206.39,Casual Customer
15805,24,17,5488.18,Loyal VIP Customer (Power Users)
15806,47,3,784.58,Casual Customer
15807,51,3,903.9,Casual Customer
15808,191,4,3651.27,Churned Customer
15809,69,5,515.77,Casual Customer
15810,79,4,1391.98,Casual Customer
15811,23,6,2218.62,Casual Customer
15812,33,5,1801.14,Casual Customer
15813,208,2,1303.9099999999999,Churned Customer
15814,17,4,1945.33,Casual Customer
15815,35,5,2100.6,Casual Customer
15819,50,4,1905.45,Casual Customer
15820,320,1,206.98,Churned Customer
15821,45,2,570.96,Casual Customer
15822,181,2,885.47,Churned Customer
15823,666,1,15.0,Churned Customer
15825,173,1,532.94,Churned Customer
15826,57,3,1654.31,Casual Customer
15827,74,14,1836.0900000000001,Casual Customer
15829,141,2,636.14,Casual Customer
15830,302,1,576.0,Churned Customer
15831,0,3,794.64,Casual Customer
15832,255,1,836.79,Churned Customer
15834,71,4,2225.15,Casual Customer
15835,45,4,954.09,Casual Customer
15836,51,1,137.37,Casual Customer
15837,183,1,391.98,Churned Customer
15838,12,19,33643.08,Loyal VIP Customer (Power Users)
15839,81,3,1048.49,Casual Customer
15840,0,2,355.56,Casual Customer
15841,73,4,1224.06,Casual Customer
15843,99,1,118.95000000000002,Casual Customer
15844,47,1,130.73999999999998,Casual Customer
15845,18,8,3711.77,Casual Customer
15847,289,2,389.27,Churned Customer
15850,20,2,234.88,Casual Customer
15852,187,2,160.71,Churned Customer
15853,52,1,110.8,Casual Customer
15854,87,12,2969.12,Casual Customer
15855,95,5,712.24,Casual Customer
15856,33,27,16143.64,Loyal VIP Customer (Power Users)
15857,19,1,297.0,Casual Customer
15858,16,5,1427.57,Casual Customer
15860,41,8,965.16,Casual Customer
15861,13,8,3146.92,Casual Customer
15862,113,4,832.88,Casual Customer
15863,26,2,68.84,Casual Customer
15864,23,6,1936.3200000000002,Casual Customer
15865,1,3,895.13,Casual Customer
15866,102,1,211.89,Casual Customer
15867,23,15,3810.14,Loyal VIP Customer (Power Users)
15869,159,2,149.64,Churned Customer
15870,152,1,351.44,Casual Customer
15872,15,2,316.25,Casual Customer
15874,128,7,4405.88,Casual Customer
15877,18,2,490.33,Casual Customer
15880,577,1,329.03000000000003,Churned Customer
15881,313,5,501.39000000000004,Churned Customer
15882,199,4,516.36,Churned Customer
15883,151,2,396.48,Casual Customer
15885,123,3,379.35,Casual Customer
15886,61,1,181.09,Casual Customer
15888,81,1,168.31,Casual Customer
15889,186,2,420.07,Churned Customer
15891,227,1,511.68,Churned Customer
15894,254,2,258.25,Churned Customer
15895,150,1,179.17,Casual Customer
15897,195,2,208.59,Churned Customer
15898,120,5,1383.83,Casual Customer
15899,546,1,56.25,Churned Customer
15900,24,1,337.28,Casual Customer
15901,17,3,351.73,Casual Customer
15903,10,7,5126.76,Casual Customer
15904,332,1,164.68,Churned Customer
15906,20,7,1567.69,Casual Customer
15907,177,3,882.72,Churned Customer
15909,174,1,191.94,Churned Customer
15910,16,8,1228.88,Casual Customer
15912,179,2,264.62,Churned Customer
15916,17,8,1502.8600000000001,Casual Customer
15917,189,1,123.1,Churned Customer
15918,272,2,334.23,Churned Customer
15919,20,2,525.69,Casual Customer
15920,125,4,167.5,Casual Customer
15921,173,1,323.03000000000003,Churned Customer
15922,697,1,369.5,Churned Customer
15923,666,1,127.08,Churned Customer
15925,195,1,207.15,Churned Customer
15930,275,1,426.63,Churned Customer
15932,1,8,2495.87,Casual Customer
15933,22,3,1107.46,Casual Customer
15935,6,2,416.86,Casual Customer
15937,183,1,145.35,Churned Customer
15938,113,5,404.58,Casual Customer
15939,4,15,6115.01,Loyal VIP Customer (Power Users)
15940,342,1,35.8,Churned Customer
15942,134,1,337.44,Casual Customer
15944,129,1,325.1,Casual Customer
15945,454,1,181.0,Churned Customer
15947,83,1,1708.24,Casual Customer
15948,44,2,955.24,Casual Customer
15949,17,2,364.72,Casual Customer
15950,79,4,1744.71,Casual Customer
15951,286,2,708.22,Churned Customer
15952,182,4,781.91,Churned Customer
15953,5,8,1657.28,Casual Customer
15955,25,14,4416.26,Loyal VIP Customer (Power Users)
15957,121,1,428.89,Casual Customer
15958,75,1,104.35,Casual Customer
15963,20,2,470.76,Casual Customer
15965,18,4,808.87,Casual Customer
15967,24,2,397.68,Casual Customer
15969,50,3,666.1,Casual Customer
15970,99,1,314.1,Casual Customer
15971,1,12,4199.85,Casual Customer
15973,485,1,307.82000000000005,Churned Customer
15974,5,7,3442.15,Casual Customer
15975,85,1,371.01,Casual Customer
15976,166,2,427.64,Churned Customer
15977,18,2,1054.73,Casual Customer
15978,78,1,1098.78,Casual Customer
15980,1,3,2398.86,Casual Customer
15981,6,8,3408.48,Casual Customer
15983,22,4,1465.12,Casual Customer
15984,71,10,2780.63,Casual Customer
15985,124,2,1142.42,Casual Customer
15986,90,1,168.12,Casual Customer
15987,13,7,1432.77,Casual Customer
15988,20,1,156.78,Casual Customer
15990,45,2,792.11,Casual Customer
15992,181,1,41.989999999999995,Churned Customer
15993,17,7,2777.67,Casual Customer
15994,55,1,414.27,Casual Customer
15996,1,6,1032.58,Casual Customer
15998,88,5,3080.22,Casual Customer
16000,151,3,12393.7,Casual Customer
16003,60,5,2735.37,Casual Customer
16005,13,4,578.71,Casual Customer
16006,5,1,101.4,Casual Customer
16007,4,4,1693.81,Casual Customer
16008,24,3,478.78,Casual Customer
16009,23,4,972.11,Casual Customer
16010,128,3,392.4,Casual Customer
16011,2,16,3352.96,Loyal VIP Customer (Power Users)
16012,155,3,1415.29,Casual Customer
16013,2,47,37130.6,Loyal VIP Customer (Power Users)
16014,64,3,646.83,Casual Customer
16015,27,3,704.55,Casual Customer
16016,15,8,1465.51,Casual Customer
16017,48,1,211.88,Casual Customer
16018,4,2,408.90000000000003,Casual Customer
16019,47,9,3786.2400000000002,Casual Customer
16020,17,3,851.01,Casual Customer
16022,261,1,602.63,Churned Customer
16023,47,3,719.81,Casual Customer
16024,13,1,251.03,Casual Customer
16025,60,1,439.65999999999997,Casual Customer
16026,44,1,236.09,Casual Customer
16027,69,6,934.62,Casual Customer
16029,30,63,80850.84,B2B Distributor
16030,283,1,331.24,Churned Customer
16031,123,2,547.9,Casual Customer
16033,5,20,8778.82,Loyal VIP Customer (Power Users)
16034,39,3,437.7,Casual Customer
16036,88,2,758.92,Casual Customer
16037,130,3,855.02,Casual Customer
16038,178,3,471.78000000000003,Churned Customer
16040,149,3,1313.55,Casual Customer
16041,90,3,3166.4,Casual Customer
16042,22,5,1177.47,Casual Customer
16043,5,4,773.99,Casual Customer
16045,2,4,1340.7,Casual Customer
16048,697,2,256.44,Churned Customer
16049,41,3,1074.81,Casual Customer
16050,174,1,137.9,Churned Customer
16052,55,1,362.06,Casual Customer
16053,93,2,1511.95,Casual Customer
16054,146,1,783.9,Casual Customer
16055,280,1,134.8,Churned Customer
16056,46,1,650.75,Casual Customer
16057,5,7,2263.12,Casual Customer
16059,72,6,1453.16,Casual Customer
16062,6,4,1153.62,Casual Customer
16063,261,1,335.32,Churned Customer
16065,454,1,367.14,Churned Customer
16066,17,5,1521.04,Casual Customer
16070,23,2,852.15,Casual Customer
16071,45,1,326.24,Casual Customer
16072,289,1,584.3199999999999,Churned Customer
16073,298,1,122.39999999999999,Churned Customer
16076,23,10,2234.73,Casual Customer
16078,341,1,79.2,Churned Customer
16079,17,3,1352.0,Casual Customer
16080,68,2,217.16,Casual Customer
16081,57,5,2799.42,Casual Customer
16083,101,2,1317.62,Casual Customer
16084,300,1,436.18,Churned Customer
16085,0,5,981.51,Casual Customer
16086,30,5,1121.39,Casual Customer
16091,125,2,315.06,Casual Customer
16092,115,3,817.86,Casual Customer
16093,107,1,17.0,Casual Customer
16094,12,4,1078.23,Casual Customer
16096,265,1,320.62,Churned Customer
16097,241,1,185.04999999999998,Churned Customer
16098,88,7,2005.63,Casual Customer
16099,51,3,731.9,Casual Customer
16101,71,1,1290.7,Casual Customer
16102,43,3,1842.14,Casual Customer
16103,80,6,1429.64,Casual Customer
16104,91,1,298.21,Casual Customer
16105,220,1,336.96,Churned Customer
16106,214,1,108.38,Churned Customer
16107,18,7,3204.1600000000003,Casual Customer
16108,85,1,842.5,Casual Customer
16109,219,2,611.88,Churned Customer
16110,46,3,1320.95,Casual Customer
16112,70,4,195.73999999999998,Casual Customer
16113,95,1,161.38,Casual Customer
16114,171,1,135.75000000000003,Churned Customer
16115,4,8,1660.8799999999999,Casual Customer
16116,5,1,612.78,Casual Customer
16117,279,1,232.21,Churned Customer
16119,73,2,423.36,Casual Customer
16120,30,4,1309.14,Casual Customer
16121,58,2,854.66,Casual Customer
16122,39,4,684.4200000000001,Casual Customer
16123,52,1,307.78,Casual Customer
16124,318,1,249.0,Churned Customer
16125,516,1,289.35,Churned Customer
16126,60,4,6287.77,Casual Customer
16127,40,1,656.25,Casual Customer
16128,18,5,1880.22,Casual Customer
16131,52,6,3506.54,Casual Customer
16133,17,33,14589.04,Loyal VIP Customer (Power Users)
16134,22,2,618.09,Casual Customer
16135,263,1,517.55,Churned Customer
16136,30,3,709.38,Casual Customer
16139,19,3,635.41,Casual Customer
16140,214,2,725.18,Churned Customer
16141,1,1,620.4,Casual Customer
16142,250,1,535.34,Churned Customer
16143,35,6,2424.94,Casual Customer
16144,159,1,175.2,Churned Customer
16145,3,11,3799.4900000000002,Casual Customer
16146,204,3,734.13,Churned Customer
16147,134,1,375.0,Casual Customer
16148,297,1,76.32000000000001,Churned Customer
16149,143,2,280.52,Casual Customer
16150,1,5,2053.02,Casual Customer
16152,269,1,1829.04,Churned Customer
16153,50,5,1824.23,Casual Customer
16156,25,9,3092.04,Casual Customer
16157,16,3,656.69,Casual Customer
16159,282,1,348.2,Churned Customer
16160,86,2,1025.44,Casual Customer
16161,15,19,5533.67,Loyal VIP Customer (Power Users)
16162,340,1,37.4,Churned Customer
16163,233,2,856.6,Churned Customer
16164,18,3,822.48,Casual Customer
16168,3,27,3787.6,Loyal VIP Customer (Power Users)
16169,40,4,1822.97,Casual Customer
16170,51,6,1885.05,Casual Customer
16171,30,1,73.2,Casual Customer
16172,6,5,1140.21,Casual Customer
16173,16,6,1418.32,Casual Customer
16174,33,3,1009.5500000000001,Casual Customer
16175,169,4,1037.59,Churned Customer
16177,51,1,331.95,Casual Customer
16178,139,1,197.9,Casual Customer
16179,61,1,215.83,Casual Customer
16180,101,8,10254.18,Casual Customer
16181,74,1,305.54,Casual Customer
16182,73,4,6617.65,Casual Customer
16183,275,1,338.71000000000004,Churned Customer
16184,5,6,1158.79,Casual Customer
16185,17,2,529.41,Casual Customer
16186,5,12,4006.94,Casual Customer
16187,52,15,6911.4400000000005,Loyal VIP Customer (Power Users)
16188,36,4,981.86,Casual Customer
16189,16,2,215.48,Casual Customer
16190,41,1,215.08,Casual Customer
16191,12,13,5180.52,Casual Customer
16193,237,1,314.45,Churned Customer
16198,76,1,400.68100000000004,Casual Customer
16200,165,2,1068.8700000000001,Churned Customer
16201,21,4,1863.47,Casual Customer
16202,361,1,365.27,Churned Customer
16203,0,4,592.9,Casual Customer
16204,24,1,384.18,Casual Customer
16205,90,4,757.63,Casual Customer
16206,55,4,537.0600000000001,Casual Customer
16207,26,1,394.38,Casual Customer
16208,45,2,664.26,Casual Customer
16209,1,5,2262.62,Casual Customer
16210,10,18,21086.3,Loyal VIP Customer (Power Users)
16211,1,1,547.02,Casual Customer
16212,20,2,690.34,Casual Customer
16213,79,1,159.0,Casual Customer
16214,171,3,1062.75,Churned Customer
16215,81,1,242.35,Casual Customer
16216,268,1,914.9300000000001,Churned Customer
16217,236,2,304.25,Churned Customer
16218,60,7,3084.68,Casual Customer
16221,98,3,860.86,Casual Customer
16222,319,1,773.5500000000001,Churned Customer
16224,57,4,1295.3,Casual Customer
16225,45,5,1096.32,Casual Customer
16226,204,3,255.12,Churned Customer
16227,226,1,314.22,Churned Customer
16229,35,2,1010.6,Casual Customer
16230,279,2,542.03,Churned Customer
16232,44,4,990.88,Casual Customer
16233,71,3,536.6800000000001,Casual Customer
16235,39,5,867.31,Casual Customer
16236,79,1,432.2,Casual Customer
16239,57,2,414.2,Casual Customer
16240,25,2,3718.8,Casual Customer
16241,0,13,2590.31,Casual Customer
16242,19,7,3579.86,Casual Customer
16243,55,2,409.1,Casual Customer
16244,5,2,1522.75,Casual Customer
16245,24,3,1413.66,Casual Customer
16247,171,1,114.56,Churned Customer
16248,91,1,152.94,Casual Customer
16249,53,5,1800.07,Casual Customer
16250,262,2,389.44,Churned Customer
16253,244,2,3683.86,Churned Customer
16255,17,8,2619.91,Casual Customer
16256,267,1,752.4300000000001,Churned Customer
16257,177,1,46.95,Churned Customer
16258,46,5,5203.51,Casual Customer
16260,51,1,1035.45,Casual Customer
16261,17,4,728.54,Casual Customer
16265,10,9,5447.0,Casual Customer
16266,74,7,861.89,Casual Customer
16268,71,2,667.65,Casual Customer
16270,354,1,1141.24,Churned Customer
16271,16,5,1404.64,Casual Customer
16272,117,1,411.7,Casual Customer
16274,697,1,351.75,Churned Customer
16275,197,1,559.87,Churned Customer
16276,177,1,810.6000000000001,Churned Customer
16278,101,1,566.38,Casual Customer
16279,22,3,1502.78,Casual Customer
16281,73,1,2062.06,Casual Customer
16282,253,1,168.3,Churned Customer
16283,32,5,1570.81,Casual Customer
16284,51,2,812.68,Casual Customer
16287,170,1,142.5,Churned Customer
16292,63,1,302.25,Casual Customer
16293,22,10,2248.9900000000002,Casual Customer
16295,0,4,1328.55,Casual Customer
16297,269,1,301.9,Churned Customer
16298,23,3,598.2,Casual Customer
16302,216,1,233.22,Churned Customer
16303,26,3,5360.63,Casual Customer
16305,139,1,361.21999999999997,Casual Customer
16306,38,6,632.27,Casual Customer
16308,108,4,2560.0,Casual Customer
16309,107,2,706.57,Casual Customer
16311,18,2,616.26,Casual Customer
16313,50,2,274.15000000000003,Casual Customer
16315,331,1,226.37,Churned Customer
16316,98,8,2938.91,Casual Customer
16317,2,3,1341.65,Casual Customer
16318,243,1,328.15,Churned Customer
16319,188,1,404.40000000000003,Churned Customer
16320,66,2,1038.46,Casual Customer
16321,73,5,373.65000000000003,Casual Customer
16322,120,2,326.75,Casual Customer
16323,197,1,207.50000000000003,Churned Customer
16324,178,3,408.59000000000003,Churned Customer
16325,47,3,594.24,Casual Customer
16326,16,14,3039.2200000000003,Casual Customer
16327,15,6,3820.27,Casual Customer
16330,18,3,251.91,Casual Customer
16332,29,7,1582.8,Casual Customer
16333,124,22,26626.8,Loyal VIP Customer (Power Users)
16337,274,1,151.05,Churned Customer
16338,217,1,214.79999999999998,Churned Customer
16339,285,1,94.05,Churned Customer
16340,108,1,534.31,Casual Customer
16341,25,4,1971.87,Casual Customer
16342,76,4,322.41,Casual Customer
16343,16,2,328.58,Casual Customer
16344,247,1,101.10000000000001,Churned Customer
16345,45,1,565.46,Casual Customer
16347,12,2,847.45,Casual Customer
16348,79,7,1415.65,Casual Customer
16349,291,1,53.5,Churned Customer
16350,22,4,1116.47,Casual Customer
16351,39,1,153.9,Casual Customer
16352,18,2,494.44,Casual Customer
16353,9,23,6675.71,Loyal VIP Customer (Power Users)
16354,74,2,395.8,Casual Customer
16356,160,3,211.77,Casual Customer
16357,66,3,658.88,Casual Customer
16358,80,4,2027.5,Casual Customer
16359,9,9,1750.92,Casual Customer
16360,1,6,3450.41,Casual Customer
16361,10,4,891.21,Casual Customer
16362,30,5,709.99,Casual Customer
16363,54,1,109.36000000000001,Casual Customer
16364,12,2,705.79,Casual Customer
16365,3,9,1540.42,Casual Customer
16366,19,1,327.3,Casual Customer
16367,302,2,800.67,Churned Customer
16368,29,2,479.91,Casual Customer
16369,19,3,1545.41,Casual Customer
16370,65,4,1301.91,Casual Customer
16372,182,2,355.73,Churned Customer
16374,244,2,466.73,Churned Customer
16376,18,2,974.96,Casual Customer
16377,268,1,676.2,Churned Customer
16378,189,3,362.95,Churned Customer
16379,19,4,2157.4,Casual Customer
16380,91,1,1743.1499999999999,Casual Customer
16383,75,2,643.76,Casual Customer
16384,31,2,584.5,Casual Customer
16385,61,3,554.86,Casual Customer
16386,29,2,302.57,Casual Customer
16387,323,1,94.36,Churned Customer
16389,54,4,1382.07,Casual Customer
16392,270,1,217.89,Churned Customer
16393,12,13,3040.96,Casual Customer
16394,57,5,1555.34,Casual Customer
16395,61,5,1482.06,Casual Customer
16398,125,2,1705.8,Casual Customer
16399,20,2,408.02,Casual Customer
16400,184,1,303.93,Churned Customer
16401,15,12,4098.32,Casual Customer
16402,265,2,293.45,Churned Customer
16403,313,1,177.5,Churned Customer
16404,71,1,443.05,Casual Customer
16405,69,2,167.25,Casual Customer
16406,19,1,154.35,Casual Customer
16407,13,10,2079.68,Casual Customer
16409,3,5,2022.98,Casual Customer
16411,20,2,211.7,Casual Customer
16412,54,1,135.99,Casual Customer
16413,57,1,262.2,Casual Customer
16414,22,2,126.25,Casual Customer
16415,45,1,200.27,Casual Customer
16416,27,3,1051.4,Casual Customer
16418,45,3,631.12,Casual Customer
16419,98,6,958.71,Casual Customer
16422,18,51,34684.4,Loyal VIP Customer (Power Users)
16423,25,1,346.12,Casual Customer
16424,338,1,133.56,Churned Customer
16425,69,1,302.7,Casual Customer
16426,22,10,1863.76,Casual Customer
16427,264,2,241.06,Churned Customer
16429,107,1,284.55,Casual Customer
16430,58,1,300.85,Casual Customer
16431,66,3,623.28,Casual Customer
16432,183,1,287.4,Churned Customer
16433,29,1,184.26,Casual Customer
16434,48,7,1511.8,Casual Customer
16438,27,5,798.35,Casual Customer
16440,52,5,3640.67,Casual Customer
16441,274,2,381.2,Churned Customer
16442,120,3,609.3,Casual Customer
16444,47,4,654.67,Casual Customer
16445,182,1,230.51,Churned Customer
16446,89,2,168472.5,B2B Distributor
16447,136,1,255.91,Casual Customer
16448,199,1,182.99,Churned Customer
16449,198,2,707.69,Churned Customer
16450,150,1,311.92,Casual Customer
16451,88,1,266.97,Casual Customer
16454,45,2,6.9,Casual Customer
16455,153,7,1841.18,Casual Customer
16456,104,5,2158.18,Casual Customer
16457,219,1,208.36,Churned Customer
16458,1,18,3482.7400000000002,Loyal VIP Customer (Power Users)
16460,29,3,811.23,Casual Customer
16461,178,1,142.92,Churned Customer
16462,74,3,136.0,Casual Customer
16463,22,4,1422.4,Casual Customer
16464,20,3,1298.66,Casual Customer
16466,4,7,1595.96,Casual Customer
16468,75,1,74.9,Casual Customer
16469,24,4,625.42,Casual Customer
16470,52,4,752.77,Casual Customer
16471,68,1,223.95000000000002,Casual Customer
16473,162,3,316.11,Churned Customer
16474,18,7,1810.65,Casual Customer
16475,1,4,544.3,Casual Customer
16477,68,7,2494.46,Casual Customer
16478,26,3,331.0,Casual Customer
16479,11,2,300.83,Casual Customer
16480,76,1,769.29,Casual Customer
16482,16,1,220.62,Casual Customer
16483,193,1,139.35,Churned Customer
16484,174,2,404.3,Churned Customer
16485,78,1,363.65,Casual Customer
16488,115,3,498.8,Casual Customer
16491,47,1,731.5,Casual Customer
16493,80,4,1351.63,Casual Customer
16494,297,1,826.53,Churned Customer
16495,129,3,648.26,Casual Customer
16496,208,3,1599.52,Churned Customer
16497,50,6,2965.69,Casual Customer
16498,162,2,100.97,Churned Customer
16499,361,2,365.45,Churned Customer
16500,17,6,400.86,Casual Customer
16503,96,4,1431.93,Casual Customer
16504,26,1,465.88,Casual Customer
16505,121,1,777.6,Casual Customer
16506,20,2,90.30000000000001,Casual Customer
16509,297,1,363.7,Churned Customer
16510,666,1,248.1,Churned Customer
16511,22,3,918.33,Casual Customer
16513,20,4,874.59,Casual Customer
16515,3,5,1624.14,Casual Customer
16516,90,1,101.69999999999999,Casual Customer
16517,160,1,162.7,Churned Customer
16518,91,2,484.32,Casual Customer
16519,26,2,215.07999999999998,Casual Customer
16520,187,3,1046.57,Churned Customer
16523,16,21,9418.470000000001,Loyal VIP Customer (Power Users)
16525,9,26,13027.45,Loyal VIP Customer (Power Users)
16526,172,1,290.36,Churned Customer
16527,82,1,228.06,Casual Customer
16528,181,1,244.41,Churned Customer
16529,306,1,455.25,Churned Customer
16531,23,7,1244.59,Casual Customer
16532,18,3,6748.8,Casual Customer
16533,20,3,1082.81,Casual Customer
16535,242,1,593.75,Churned Customer
16536,111,1,548.12,Casual Customer
16539,151,4,1388.81,Casual Customer
16542,54,1,119.62,Casual Customer
16545,165,1,339.3,Churned Customer
16546,291,2,787.15,Churned Customer
16549,11,10,4034.9,Casual Customer
16550,109,5,2298.97,Casual Customer
16551,162,3,922.12,Churned Customer
16552,36,2,379.73,Casual Customer
16553,68,12,5719.82,Casual Customer
16554,9,3,837.1,Casual Customer
16555,110,2,285.89,Casual Customer
16556,106,7,3313.79,Casual Customer
16557,25,2,281.85,Casual Customer
16558,22,20,8338.49,Loyal VIP Customer (Power Users)
16560,27,2,841.41,Casual Customer
16561,30,2,511.12,Casual Customer
16563,54,1,1077.74,Casual Customer
16565,424,1,173.7,Churned Customer
16566,16,5,614.66,Casual Customer
16567,162,2,865.6,Churned Customer
16569,181,1,124.2,Churned Customer
16570,16,10,3738.4,Casual Customer
16571,27,3,1421.69,Casual Customer
16572,33,3,1009.6,Casual Customer
16573,85,2,663.61,Casual Customer
16574,72,1,451.44,Casual Customer
16581,65,1,105.84,Casual Customer
16582,114,1,313.62,Casual Customer
16583,697,1,233.45,Churned Customer
16584,81,2,936.08,Casual Customer
16586,220,1,463.95,Churned Customer
16587,233,1,225.15,Churned Customer
16589,72,3,459.24,Casual Customer
16591,303,1,213.5,Churned Customer
16592,13,16,4113.68,Loyal VIP Customer (Power Users)
16593,51,3,330.03,Casual Customer
16594,76,1,181.09,Casual Customer
16595,91,1,360.16,Casual Customer
16596,16,2,250.15,Casual Customer
16597,212,1,90.04,Churned Customer
16598,286,1,145.04999999999998,Churned Customer
16600,17,6,813.52,Casual Customer
16601,41,1,242.7,Casual Customer
16602,274,1,528.08,Churned Customer
16603,75,2,482.47,Casual Customer
16607,0,14,3347.71,Casual Customer
16609,3,7,5493.46,Casual Customer
16610,249,1,75.66,Churned Customer
16611,187,1,129.49,Churned Customer
16612,2,4,1187.66,Casual Customer
16613,71,1,618.59,Casual Customer
16614,65,1,506.19,Casual Customer
16616,16,2,500.42,Casual Customer
16617,236,1,151.85,Churned Customer
16618,121,5,2647.59,Casual Customer
16619,264,1,226.21,Churned Customer
16620,181,2,178.96,Churned Customer
16621,52,4,813.48,Casual Customer
16623,128,1,129.45,Casual Customer
16624,81,2,810.5699999999999,Casual Customer
16625,68,1,333.08,Casual Customer
16626,23,17,4413.1,Loyal VIP Customer (Power Users)
16627,80,1,322.8,Casual Customer
16628,60,5,2188.05,Casual Customer
16629,74,2,408.63,Casual Customer
16633,4,6,2883.1,Casual Customer
16634,339,2,217.9,Churned Customer
16637,61,4,1154.47,Casual Customer
16638,23,10,1680.72,Casual Customer
16639,121,3,1257.51,Casual Customer
16641,106,1,231.10000000000002,Casual Customer
16642,208,2,688.33,Churned Customer
16643,128,1,487.51,Casual Customer
16644,35,2,833.78,Casual Customer
16647,170,2,214.06,Churned Customer
16648,43,1,290.65999999999997,Casual Customer
16650,72,1,518.42,Casual Customer
16652,0,7,6773.97,Casual Customer
16653,17,2,1212.66,Casual Customer
16654,142,4,601.27,Casual Customer
16655,9,6,3789.52,Casual Customer
16656,3,15,8625.8,Loyal VIP Customer (Power Users)
16657,10,4,874.43,Casual Customer
16658,546,1,123.24,Churned Customer
16659,279,1,39.12,Churned Customer
16660,17,4,1267.6499999999999,Casual Customer
16665,363,1,135.39999999999998,Churned Customer
16666,20,1,118.98,Casual Customer
16667,285,2,567.1800000000001,Churned Customer
16668,15,6,306.71999999999997,Casual Customer
16669,24,3,1348.88,Casual Customer
16670,17,11,4095.9,Casual Customer
16671,29,3,1692.27,Casual Customer
16672,6,20,8134.9400000000005,Loyal VIP Customer (Power Users)
16674,55,2,304.24,Casual Customer
16676,66,4,1592.1200000000001,Casual Customer
16678,2,12,3109.99,Casual Customer
16679,485,1,129.75,Churned Customer
16680,43,1,183.7,Casual Customer
16681,73,6,1770.34,Casual Customer
16682,58,5,1028.0,Casual Customer
16684,12,28,66653.56,Loyal VIP Customer (Power Users)
16685,91,2,324.24,Casual Customer
16686,48,7,2959.88,Casual Customer
16688,11,4,1260.86,Casual Customer
16689,76,2,422.59999999999997,Casual Customer
16690,73,2,225.57999999999998,Casual Customer
16692,257,2,1276.0,Churned Customer
16693,272,2,477.86,Churned Customer
16696,66,4,657.9000000000001,Casual Customer
16697,6,1,112.75,Casual Customer
16698,227,2,1998.0,Churned Customer
16700,3,13,5076.55,Casual Customer
16701,9,13,5398.3,Casual Customer
16705,6,20,14034.99,Loyal VIP Customer (Power Users)
16706,115,3,531.35,Casual Customer
16708,46,1,656.63,Casual Customer
16709,85,5,3029.87,Casual Customer
16710,20,10,2467.99,Casual Customer
16711,27,5,1651.03,Casual Customer
16712,10,11,3611.31,Casual Customer
16713,6,15,6910.78,Loyal VIP Customer (Power Users)
16714,219,3,1129.06,Churned Customer
16715,78,1,301.71999999999997,Casual Customer
16716,267,2,901.2,Churned Customer
16717,24,6,3843.08,Casual Customer
16718,577,1,606.0500000000001,Churned Customer
16719,15,7,1770.22,Casual Customer
16720,27,1,152.95,Casual Customer
16721,263,1,292.47,Churned Customer
16722,18,13,4730.81,Casual Customer
16723,92,2,576.4,Casual Customer
16725,69,7,758.27,Casual Customer
16726,27,5,1358.74,Casual Customer
16727,424,1,256.32,Churned Customer
16728,47,4,1048.28,Casual Customer
16729,6,21,7205.33,Loyal VIP Customer (Power Users)
16730,53,3,743.11,Casual Customer
16732,121,1,603.75,Casual Customer
16734,53,3,646.76,Casual Customer
16735,79,5,2247.41,Casual Customer
16737,54,1,417.59999999999997,Casual Customer
16738,298,1,3.75,Churned Customer
16739,177,1,323.0,Churned Customer
16742,47,1,464.9,Casual Customer
16743,5,7,2213.13,Casual Customer
16744,12,7,1291.91,Casual Customer
16745,2,17,7180.7,Loyal VIP Customer (Power Users)
16746,2,18,6680.11,Loyal VIP Customer (Power Users)
16747,275,2,836.06,Churned Customer
16748,18,5,1515.9,Casual Customer
16750,45,5,623.93,Casual Customer
16751,90,1,1764.72,Casual Customer
16752,666,1,207.5,Churned Customer
16753,0,1,223.92000000000002,Casual Customer
16754,665,1,2002.4,Churned Customer
16755,115,3,1475.43,Casual Customer
16756,96,1,239.4,Casual Customer
16757,319,1,106.83000000000001,Churned Customer
16758,214,1,369.34000000000003,Churned Customer
16759,90,3,789.79,Casual Customer
16761,245,1,316.62,Churned Customer
16762,20,3,1207.24,Casual Customer
16763,199,1,611.85,Churned Customer
16764,10,13,2790.9500000000003,Casual Customer
16765,295,1,34.0,Churned Customer
16766,37,2,1145.6,Casual Customer
16767,65,11,5575.56,Casual Customer
16768,48,3,478.09000000000003,Casual Customer
16769,261,1,361.54,Churned Customer
16770,58,5,757.1,Casual Customer
16771,76,5,2242.61,Casual Customer
16773,58,1,171.59,Casual Customer
16774,117,4,661.52,Casual Customer
16775,11,11,1691.51,Casual Customer
16776,61,1,371.54,Casual Customer
16777,81,2,222.62,Casual Customer
16778,68,2,245.94,Casual Customer
16779,9,22,10611.720000000001,Loyal VIP Customer (Power Users)
16780,101,2,422.24,Casual Customer
16781,666,1,311.25,Churned Customer
16782,11,13,2267.9500000000003,Casual Customer
16784,20,1,107.6,Casual Customer
16788,124,2,594.39,Casual Customer
16789,332,1,80.8,Churned Customer
16790,17,6,1545.6200000000001,Casual Customer
16791,39,7,1705.78,Casual Customer
16792,310,2,110.38000000000001,Churned Customer
16793,58,1,243.84,Casual Customer
16794,4,10,1196.5,Casual Customer
16795,454,1,414.88,Churned Customer
16796,31,1,305.62,Casual Customer
16800,12,1,1162.65,Casual Customer
16801,37,4,1594.23,Casual Customer
16803,214,1,332.3,Churned Customer
16804,24,3,536.99,Casual Customer
16805,174,2,460.59,Churned Customer
16806,104,4,762.16,Casual Customer
16807,127,3,1121.59,Casual Customer
16808,67,2,288.42,Casual Customer
16809,24,5,914.69,Casual Customer
16810,193,1,309.54,Churned Customer
16811,18,2,547.07,Casual Customer
16812,361,1,479.35,Churned Customer
16813,51,10,1652.18,Casual Customer
16814,6,21,6416.7,Loyal VIP Customer (Power Users)
16816,104,4,417.06,Casual Customer
16817,37,9,1604.75,Casual Customer
16818,11,11,3349.57,Casual Customer
16820,215,1,497.61,Churned Customer
16823,228,1,358.38,Churned Customer
16824,16,2,460.64,Casual Customer
16825,157,2,775.1800000000001,Casual Customer
16826,52,1,341.7,Casual Customer
16828,113,2,128.5,Casual Customer
16829,186,1,197.22,Churned Customer
16830,333,1,325.91,Churned Customer
16832,126,3,199.15,Casual Customer
16833,100,4,1106.53,Casual Customer
16834,228,1,413.46,Churned Customer
16835,277,2,180.85,Churned Customer
16836,40,2,251.87,Casual Customer
16837,30,11,3170.98,Casual Customer
16838,198,2,588.85,Churned Customer
16839,1,34,16594.35,Loyal VIP Customer (Power Users)
16841,66,6,1869.82,Casual Customer
16842,69,3,1264.19,Casual Customer
16843,6,16,10196.57,Loyal VIP Customer (Power Users)
16846,51,1,214.32,Casual Customer
16847,44,1,193.44,Casual Customer
16848,53,1,281.42,Casual Customer
16849,187,1,124.57,Churned Customer
16850,70,1,332.41,Casual Customer
16851,43,3,342.45,Casual Customer
16852,11,2,144.91000000000003,Casual Customer
16855,24,2,328.4,Casual Customer
16856,15,1,35.400000000000006,Casual Customer
16858,546,1,375.69000000000005,Churned Customer
16859,145,2,747.81,Casual Customer
16861,30,2,173.76,Casual Customer
16863,121,2,502.8,Casual Customer
16866,64,3,207.73999999999998,Casual Customer
16869,23,4,817.12,Casual Customer
16871,22,6,2812.34,Casual Customer
16872,78,3,680.02,Casual Customer
16873,91,6,7123.62,Casual Customer
16875,145,5,2095.53,Casual Customer
16877,13,6,846.62,Casual Customer
16878,84,1,13.3,Casual Customer
16880,64,7,1491.43,Casual Customer
16881,244,1,432.0,Churned Customer
16882,240,3,705.12,Churned Customer
16883,218,2,272.48,Churned Customer
16884,302,2,429.84000000000003,Churned Customer
16885,16,3,450.41,Casual Customer
16887,243,1,192.32999999999998,Churned Customer
16889,67,3,1578.67,Casual Customer
16891,120,5,742.43,Casual Customer
16892,16,5,518.19,Casual Customer
16893,485,1,145.93,Churned Customer
16895,183,1,202.27,Churned Customer
16897,300,2,289.78,Churned Customer
16898,27,3,501.03,Casual Customer
16899,20,6,1271.06,Casual Customer
16900,17,3,887.11,Casual Customer
16902,117,1,1706.88,Casual Customer
16903,60,1,363.2,Casual Customer
16904,60,16,3653.75,Loyal VIP Customer (Power Users)
16905,20,7,3037.6,Casual Customer
16906,82,4,559.59,Casual Customer
16907,59,5,928.76,Casual Customer
16909,73,1,379.14,Casual Customer
16910,10,8,1508.96,Casual Customer
16912,29,11,2555.58,Casual Customer
16913,291,1,113.44,Churned Customer
16914,274,1,183.76,Churned Customer
16915,10,6,621.6800000000001,Casual Customer
16916,24,2,562.41,Casual Customer
16917,129,1,391.52,Casual Customer
16918,50,6,1068.82,Casual Customer
16919,6,11,2592.25,Casual Customer
16921,91,1,154.18,Casual Customer
16923,13,19,7069.08,Loyal VIP Customer (Power Users)
16924,22,3,829.89,Casual Customer
16926,638,1,230.25,Churned Customer
16927,116,3,543.05,Casual Customer
16928,32,17,2814.7,Loyal VIP Customer (Power Users)
16929,18,7,1295.39,Casual Customer
16930,27,3,378.89,Casual Customer
16931,20,21,4554.87,Loyal VIP Customer (Power Users)
16932,54,1,150.23000000000002,Casual Customer
16933,120,2,563.23,Casual Customer
16934,55,2,931.03,Casual Customer
16936,26,1,261.9,Casual Customer
16938,4,4,2711.6800000000003,Casual Customer
16940,53,3,3049.88,Casual Customer
16942,13,9,1904.99,Casual Customer
16943,5,3,816.73,Casual Customer
16945,0,19,4345.5,Loyal VIP Customer (Power Users)
16947,236,1,406.48,Churned Customer
16948,139,3,435.02,Casual Customer
16949,41,6,1286.27,Casual Customer
16950,57,3,1178.56,Casual Customer
16951,130,3,1277.75,Casual Customer
16952,110,2,167.61,Casual Customer
16953,90,1,20.8,Casual Customer
16954,17,9,2085.08,Casual Customer
16955,126,4,518.67,Casual Customer
16956,18,1,308.74,Casual Customer
16957,240,2,416.64,Churned Customer
16959,88,1,117.35000000000001,Casual Customer
16960,61,3,507.05,Casual Customer
16961,117,1,234.17,Casual Customer
16963,218,1,110.55000000000001,Churned Customer
16965,227,1,201.19,Churned Customer
16966,16,7,2154.97,Casual Customer
16967,279,1,319.02,Churned Customer
16968,108,2,439.43,Casual Customer
16969,40,3,650.41,Casual Customer
16971,333,1,357.21,Churned Customer
16976,268,1,251.51999999999998,Churned Customer
16978,78,1,344.33,Casual Customer
16979,18,6,1852.0,Casual Customer
16980,256,2,1028.46,Churned Customer
16982,61,1,384.06,Casual Customer
16983,4,7,1905.87,Casual Customer
16984,1,2,4459.52,Casual Customer
16985,1,10,5464.12,Casual Customer
16986,60,2,1873.2,Casual Customer
16987,42,7,1616.8,Casual Customer
16988,242,1,126.12,Churned Customer
16989,3,6,1133.25,Casual Customer
16990,219,1,179.0,Churned Customer
16992,11,5,1614.31,Casual Customer
16996,63,6,1456.96,Casual Customer
16997,283,3,702.0,Churned Customer
16998,130,4,295.0,Casual Customer
16999,24,2,484.82,Casual Customer
17001,23,11,3989.57,Casual Customer
17002,86,3,1493.73,Casual Customer
17004,47,2,1312.1399999999999,Casual Customer
17006,19,4,781.78,Casual Customer
17007,51,6,889.9300000000001,Casual Customer
17010,19,1,195.36,Casual Customer
17011,90,1,270.9,Casual Customer
17014,152,3,583.4300000000001,Casual Customer
17015,29,3,1838.6100000000001,Casual Customer
17017,10,20,8694.26,Loyal VIP Customer (Power Users)
17018,41,2,920.1,Casual Customer
17019,12,4,1258.08,Casual Customer
17022,121,1,71.0,Casual Customer
17024,46,3,95.85,Casual Customer
17025,61,3,357.77,Casual Customer
17026,157,2,154.82999999999998,Casual Customer
17027,79,6,877.5600000000001,Casual Customer
17029,111,2,716.0,Casual Customer
17030,153,1,146.87,Casual Customer
17031,12,2,380.35,Casual Customer
17033,87,3,1030.14,Casual Customer
17034,17,3,745.52,Casual Customer
17035,128,2,433.53000000000003,Casual Customer
17037,88,1,1267.32,Casual Customer
17038,90,1,112.4,Casual Customer
17040,138,1,449.73,Casual Customer
17041,27,3,1071.49,Casual Customer
17042,63,5,1036.58,Casual Customer
17043,52,4,1735.18,Casual Customer
17044,26,1,948.48,Casual Customer
17045,114,3,339.44,Casual Customer
17046,217,1,642.02,Churned Customer
17047,86,3,1100.9,Casual Customer
17048,9,3,925.35,Casual Customer
17049,22,9,5655.03,Casual Customer
17050,190,6,3185.64,Churned Customer
17051,195,1,240.89000000000001,Churned Customer
17052,29,1,399.09,Casual Customer
17053,336,1,498.48,Churned Customer
17054,29,5,1356.33,Casual Customer
17058,82,3,1179.89,Casual Customer
17059,60,5,3080.39,Casual Customer
17060,267,1,234.24,Churned Customer
17061,74,11,5232.2300000000005,Casual Customer
17062,314,4,533.33,Churned Customer
17063,22,7,1461.14,Casual Customer
17064,0,3,855.45,Casual Customer
17068,13,21,4552.14,Loyal VIP Customer (Power Users)
17069,29,9,2709.7000000000003,Casual Customer
17070,115,1,304.24,Casual Customer
17071,1,9,2429.03,Casual Customer
17073,18,4,1446.09,Casual Customer
17075,18,4,834.12,Casual Customer
17076,37,3,841.0799999999999,Casual Customer
17078,273,2,378.2,Churned Customer
17079,79,1,118.80000000000001,Casual Customer
17080,23,2,287.62,Casual Customer
17081,26,2,288.91,Casual Customer
17082,182,2,2003.85,Churned Customer
17083,99,3,1405.78,Casual Customer
17084,243,2,2747.9900000000002,Churned Customer
17085,124,5,1562.4,Casual Customer
17086,25,6,2050.08,Casual Customer
17088,29,4,1991.01,Casual Customer
17090,1,7,1974.65,Casual Customer
17091,121,9,3827.76,Casual Customer
17092,50,4,1774.03,Casual Customer
17094,323,1,302.0,Churned Customer
17095,23,3,1324.16,Casual Customer
17096,0,4,1022.13,Casual Customer
17097,11,8,954.42,Casual Customer
17100,19,2,971.74,Casual Customer
17101,11,4,1621.73,Casual Customer
17102,262,1,25.5,Churned Customer
17105,191,2,665.78,Churned Customer
17107,76,6,10797.48,Casual Customer
17109,45,6,881.29,Casual Customer
17110,166,1,163.29999999999998,Churned Customer
17111,48,1,231.61,Casual Customer
17114,100,8,801.12,Casual Customer
17115,65,3,837.5,Casual Customer
17117,289,1,116.19999999999999,Churned Customer
17118,318,1,157.02,Churned Customer
17119,30,2,606.91,Casual Customer
17120,234,1,307.46,Churned Customer
17122,2,1,138.32,Casual Customer
17123,337,1,345.29999999999995,Churned Customer
17124,157,1,294.24,Churned Customer
17125,51,1,230.5,Casual Customer
17126,64,5,989.45,Casual Customer
17128,100,1,157.09,Casual Customer
17131,48,5,2463.17,Casual Customer
17133,16,7,4892.240000000001,Casual Customer
17134,107,2,413.2,Casual Customer
17135,17,7,1139.73,Casual Customer
17138,98,1,380.5,Casual Customer
17139,1,12,10650.77,Loyal VIP Customer (Power Users)
17140,189,1,454.12,Churned Customer
17142,239,1,579.0,Churned Customer
17144,85,2,984.57,Casual Customer
17146,106,3,749.78,Casual Customer
17147,23,4,1714.59,Casual Customer
17148,52,1,124.88,Casual Customer
17152,195,3,1689.5,Churned Customer
17153,25,1,213.78,Casual Customer
17154,76,1,329.34,Casual Customer
17155,18,2,251.70000000000002,Casual Customer
17157,177,2,319.0,Churned Customer
17158,152,3,1266.97,Casual Customer
17159,22,3,1538.88,Casual Customer
17160,6,6,3518.03,Casual Customer
17162,29,10,1715.46,Casual Customer
17163,22,2,293.1,Casual Customer
17164,33,7,2467.35,Casual Customer
17165,285,1,158.68,Churned Customer
17166,204,2,206.34,Churned Customer
17169,58,2,835.78,Casual Customer
17171,290,1,224.91,Churned Customer
17172,79,1,317.76,Casual Customer
17173,0,8,3766.6,Casual Customer
17174,188,1,59.9,Churned Customer
17175,4,4,1443.69,Casual Customer
17176,202,1,306.13,Churned Customer
17179,179,3,711.79,Churned Customer
17180,6,4,783.97,Casual Customer
17181,58,2,239.92000000000002,Casual Customer
17183,23,6,3347.31,Casual Customer
17186,47,2,144.0,Casual Customer
17187,227,1,203.95,Churned Customer
17188,12,7,2474.23,Casual Customer
17189,106,2,383.75,Casual Customer
17190,0,2,444.74,Casual Customer
17191,29,7,2093.68,Casual Customer
17193,0,7,1699.3000000000002,Casual Customer
17194,37,2,262.62,Casual Customer
17197,60,1,1013.01,Casual Customer
17198,24,3,692.22,Casual Customer
17201,54,1,289.78,Casual Customer
17203,53,6,3560.08,Casual Customer
17204,6,4,1564.56,Casual Customer
17205,54,1,384.08,Casual Customer
17206,54,1,204.24,Casual Customer
17211,4,8,2317.2200000000003,Casual Customer
17212,253,1,226.85,Churned Customer
17213,41,7,2781.23,Casual Customer
17214,61,6,1059.1200000000001,Casual Customer
17217,235,1,113.5,Churned Customer
17218,12,10,1951.97,Casual Customer
17219,121,1,114.23,Casual Customer
17220,25,14,3187.55,Casual Customer
17221,273,2,334.48,Churned Customer
17222,214,1,328.65,Churned Customer
17223,311,2,416.89,Churned Customer
17226,252,1,393.49,Churned Customer
17227,19,6,939.32,Casual Customer
17228,16,8,1906.09,Casual Customer
17229,143,2,318.76,Casual Customer
17230,265,8,3638.41,Churned Customer
17231,13,10,3124.72,Casual Customer
17232,15,2,417.77,Casual Customer
17233,243,1,190.88,Churned Customer
17234,65,1,149.89000000000001,Casual Customer
17235,26,2,550.06,Casual Customer
17236,13,6,916.13,Casual Customer
17237,12,2,314.69,Casual Customer
17238,18,17,3719.1,Loyal VIP Customer (Power Users)
17239,313,1,382.5,Churned Customer
17242,4,2,1135.04,Casual Customer
17243,15,26,8540.05,Loyal VIP Customer (Power Users)
17244,54,1,954.9,Casual Customer
17245,205,1,171.45,Churned Customer
17247,16,1,280.09000000000003,Casual Customer
17248,32,1,318.65,Casual Customer
17250,181,2,381.97,Churned Customer
17251,363,1,269.83,Churned Customer
17252,117,2,348.91,Casual Customer
17253,19,1,178.26,Casual Customer
17254,16,2,271.19,Casual Customer
17255,41,2,291.48,Casual Customer
17256,108,2,240.0,Casual Customer
17259,149,2,581.23,Casual Customer
17262,53,5,1253.3600000000001,Casual Customer
17263,209,1,63.440000000000005,Churned Customer
17265,4,2,550.01,Casual Customer
17266,148,3,296.58,Casual Customer
17267,245,2,317.2,Churned Customer
17268,3,4,763.64,Casual Customer
17272,43,4,2148.63,Casual Customer
17274,243,1,107.82,Churned Customer
17277,228,2,1065.3500000000001,Churned Customer
17278,6,1,246.04,Casual Customer
17279,58,1,187.82999999999998,Casual Customer
17282,174,3,1685.46,Churned Customer
17284,32,6,1647.48,Casual Customer
17286,22,1,151.37,Casual Customer
17287,27,7,1049.06,Casual Customer
17288,10,7,1417.63,Casual Customer
17289,4,3,931.02,Casual Customer
17290,17,2,513.01,Casual Customer
17291,252,1,550.8000000000001,Churned Customer
17293,0,9,1854.06,Casual Customer
17295,29,3,547.0,Casual Customer
17297,18,1,128.18,Casual Customer
17298,102,2,498.42,Casual Customer
17299,12,4,656.61,Casual Customer
17301,22,1,163.24,Casual Customer
17302,15,5,1135.63,Casual Customer
17303,362,1,250.04,Churned Customer
17306,11,19,8631.31,Loyal VIP Customer (Power Users)
17309,215,1,82.75,Churned Customer
17311,79,2,1384.85,Casual Customer
17312,139,3,644.3,Casual Customer
17313,121,1,2328.84,Casual Customer
17314,0,8,2527.92,Casual Customer
17315,5,38,6281.23,Loyal VIP Customer (Power Users)
17317,31,3,2600.34,Casual Customer
17320,101,3,1200.6200000000001,Casual Customer
17321,275,2,657.16,Churned Customer
17323,15,7,906.52,Casual Customer
17324,9,4,986.48,Casual Customer
17325,251,1,96.8,Churned Customer
17329,15,2,523.11,Casual Customer
17330,23,2,363.9,Casual Customer
17331,124,1,175.2,Casual Customer
17333,86,1,494.25,Casual Customer
17334,69,2,307.02,Casual Customer
17337,4,4,1981.06,Casual Customer
17338,9,8,6493.54,Casual Customer
17339,184,2,243.36,Churned Customer
17340,32,11,12353.29,Loyal VIP Customer (Power Users)
17341,186,3,682.29,Churned Customer
17343,356,1,193.64,Churned Customer
17344,47,1,157.62,Casual Customer
17345,16,4,519.6899999999999,Casual Customer
17346,0,15,2622.88,Loyal VIP Customer (Power Users)
17347,87,1,228.96,Casual Customer
17348,15,5,1156.6,Casual Customer
17349,180,1,98.25,Churned Customer
17350,46,4,1281.32,Casual Customer
17351,37,3,587.15,Casual Customer
17353,125,2,1740.0,Casual Customer
17354,51,1,1393.06,Casual Customer
17356,342,1,178.22,Churned Customer
17357,25,2,384.39,Casual Customer
17358,99,2,360.81,Casual Customer
17359,12,1,127.86,Casual Customer
17360,18,3,568.24,Casual Customer
17361,50,3,488.2,Casual Customer
17362,240,2,312.23,Churned Customer
17364,9,11,4462.68,Casual Customer
17365,13,8,4767.36,Casual Customer
17367,239,1,167.55,Churned Customer
17368,24,8,1878.87,Casual Customer
17370,73,4,446.18,Casual Customer
17371,18,3,418.4,Casual Customer
17372,41,8,1337.18,Casual Customer
17373,41,4,646.92,Casual Customer
17374,219,2,495.77,Churned Customer
17375,200,3,400.1,Churned Customer
17376,71,2,203.2,Casual Customer
17377,24,20,4058.32,Loyal VIP Customer (Power Users)
17379,12,1,389.71999999999997,Casual Customer
17381,2,29,20275.61,Loyal VIP Customer (Power Users)
17382,214,1,65.4,Churned Customer
17383,211,1,193.39000000000001,Churned Customer
17384,20,2,336.4,Casual Customer
17385,15,1,256.11,Casual Customer
17386,114,6,2686.42,Casual Customer
17387,20,2,746.81,Casual Customer
17388,5,4,1259.56,Casual Customer
17389,9,34,31833.68,Loyal VIP Customer (Power Users)
17391,164,2,508.8,Churned Customer
17392,191,2,417.27,Churned Customer
17394,249,1,203.86999999999998,Churned Customer
17396,40,8,7330.8,Casual Customer
17397,23,2,681.41,Casual Customer
17398,115,3,653.38,Casual Customer
17400,210,5,2097.84,Churned Customer
17402,51,13,2633.85,Casual Customer
17403,274,1,263.92,Churned Customer
17404,5,15,31906.82,Loyal VIP Customer (Power Users)
17405,3,3,1031.41,Casual Customer
17406,70,3,2184.42,Casual Customer
17408,164,1,32.65,Churned Customer
17409,126,2,771.85,Casual Customer
17410,0,5,1214.72,Casual Customer
17411,13,3,778.94,Casual Customer
17412,24,7,1258.06,Casual Customer
17414,44,2,778.0,Casual Customer
17415,80,1,507.84,Casual Customer
17416,60,7,6893.42,Casual Customer
17418,43,2,463.46000000000004,Casual Customer
17419,12,12,4226.57,Casual Customer
17420,51,3,598.83,Casual Customer
17422,4,6,1979.37,Casual Customer
17423,47,2,698.41,Casual Customer
17425,20,2,759.17,Casual Customer
17426,92,6,5037.26,Casual Customer
17427,72,1,100.8,Casual Customer
17428,6,28,17256.85,Loyal VIP Customer (Power Users)
17429,157,3,524.9200000000001,Casual Customer
17430,152,2,265.76,Casual Customer
17431,314,1,403.3,Churned Customer
17432,18,2,365.76,Casual Customer
17433,1,1,303.15999999999997,Casual Customer
17434,10,7,2373.82,Casual Customer
17436,120,2,216.29999999999998,Casual Customer
17438,254,1,388.45000000000005,Churned Customer
17440,186,3,186.42000000000002,Churned Customer
17442,63,6,2248.56,Casual Customer
17443,249,1,534.24,Churned Customer
17444,33,3,2940.04,Casual Customer
17446,177,2,120.9,Churned Customer
17447,41,2,541.53,Casual Customer
17449,45,7,2519.21,Casual Customer
17450,3,46,194390.79,B2B Distributor
17451,16,7,1721.4,Casual Customer
17453,18,2,486.71999999999997,Casual Customer
17454,193,4,517.53,Churned Customer
17455,204,1,131.7,Churned Customer
17456,454,1,249.86,Churned Customer
17457,205,5,1737.7,Churned Customer
17458,16,1,316.5,Casual Customer
17459,44,2,657.3,Casual Customer
17460,184,6,622.4300000000001,Churned Customer
17461,23,3,735.82,Casual Customer
17462,61,2,675.69,Casual Customer
17463,17,5,1875.86,Casual Customer
17464,247,1,289.96000000000004,Churned Customer
17466,11,2,763.28,Casual Customer
17468,11,2,137.0,Casual Customer
17469,17,5,1870.97,Casual Customer
17470,45,5,1125.07,Casual Customer
17472,288,3,697.54,Churned Customer
17475,80,1,194.37,Casual Customer
17480,78,1,511.82,Casual Customer
17481,16,4,1255.59,Casual Customer
17483,94,3,414.04,Casual Customer
17486,262,1,396.87,Churned Customer
17489,0,2,376.64,Casual Customer
17490,74,7,2092.32,Casual Customer
17491,15,10,3558.87,Casual Customer
17492,220,1,374.57,Churned Customer
17495,301,2,497.56,Churned Customer
17496,359,1,271.05,Churned Customer
17498,76,1,272.22,Casual Customer
17499,290,1,622.88,Churned Customer
17500,18,3,1138.0,Casual Customer
17501,280,2,288.6,Churned Customer
17502,10,4,689.1,Casual Customer
17503,151,2,558.96,Casual Customer
17504,188,9,2997.0299999999997,Churned Customer
17505,206,2,1145.84,Churned Customer
17506,76,1,302.2,Casual Customer
17507,262,2,605.58,Churned Customer
17508,251,1,387.31,Churned Customer
17509,58,8,6083.64,Casual Customer
17510,25,1,308.48,Casual Customer
17511,6,31,91062.38,B2B Distributor
17512,29,10,2924.9900000000002,Casual Customer
17513,73,1,513.2,Casual Customer
17514,277,1,208.65,Churned Customer
17515,121,4,639.02,Casual Customer
17516,2,5,764.88,Casual Customer
17517,252,1,153.94,Churned Customer
17519,18,6,1844.02,Casual Customer
17520,54,1,546.81,Casual Customer
17521,60,3,723.2099999999999,Casual Customer
17522,95,5,1070.71,Casual Customer
17523,12,4,652.74,Casual Customer
17524,362,1,145.0,Churned Customer
17525,360,1,422.70000000000005,Churned Customer
17526,212,4,1195.8999999999999,Churned Customer
17527,54,4,939.37,Casual Customer
17528,0,8,3628.5,Casual Customer
17530,16,10,2367.12,Casual Customer
17531,306,1,296.7,Churned Customer
17534,54,1,223.36,Casual Customer
17535,251,1,164.4,Churned Customer
17536,178,1,76.5,Churned Customer
17537,60,2,887.67,Casual Customer
17538,26,1,98.42,Casual Customer
17540,25,2,578.9,Casual Customer
17542,270,1,170.75,Churned Customer
17545,44,3,642.32,Casual Customer
17548,234,1,103.3,Churned Customer
17549,24,2,148.86,Casual Customer
17550,67,3,267.16,Casual Customer
17551,360,1,290.34,Churned Customer
17552,61,4,930.41,Casual Customer
17553,305,1,1487.6,Churned Customer
17554,17,5,1952.45,Casual Customer
17555,20,2,480.31,Casual Customer
17556,206,1,157.9,Churned Customer
17557,15,3,541.46,Casual Customer
17560,69,5,854.95,Casual Customer
17561,20,1,165.12,Casual Customer
17562,15,7,1122.38,Casual Customer
17564,25,3,454.01,Casual Customer
17566,26,2,869.77,Casual Customer
17567,58,8,4331.48,Casual Customer
17569,39,1,344.14,Casual Customer
17571,51,4,1425.67,Casual Customer
17572,71,4,226.75000000000003,Casual Customer
17573,60,3,380.6,Casual Customer
17574,36,1,185.65,Casual Customer
17576,2,19,3564.83,Loyal VIP Customer (Power Users)
17578,218,1,143.45999999999998,Churned Customer
17579,138,3,448.90000000000003,Casual Customer
17580,313,3,215.72,Churned Customer
17581,66,25,11025.24,Loyal VIP Customer (Power Users)
17582,237,1,175.27,Churned Customer
17584,246,2,1242.3,Churned Customer
17585,110,4,1116.68,Casual Customer
17588,101,3,1240.2,Casual Customer
17589,33,4,2404.17,Casual Customer
17590,18,3,1468.02,Casual Customer
17591,74,7,2203.67,Casual Customer
17593,92,5,3923.86,Casual Customer
17594,86,2,993.18,Casual Customer
17595,13,2,386.69,Casual Customer
17596,24,7,2806.69,Casual Customer
17597,66,1,2044.3700000000001,Casual Customer
17600,18,1,161.67000000000002,Casual Customer
17601,239,1,116.00999999999999,Churned Customer
17602,24,6,5054.42,Casual Customer
17603,79,1,394.72,Casual Customer
17604,188,2,309.36,Churned Customer
17608,182,2,191.99,Churned Customer
17609,41,5,1105.78,Casual Customer
17611,36,15,3961.12,Loyal VIP Customer (Power Users)
17612,54,6,2048.45,Casual Customer
17613,23,14,4544.55,Loyal VIP Customer (Power Users)
17614,58,1,386.32,Casual Customer
17615,204,3,329.6,Churned Customer
17616,174,3,571.1999999999999,Churned Customer
17618,220,3,930.28,Churned Customer
17619,313,1,214.37,Churned Customer
17620,30,1,81.44,Casual Customer
17621,22,3,1379.9,Casual Customer
17623,152,1,527.0500000000001,Casual Customer
17624,15,2,843.48,Casual Customer
17625,19,4,2020.4,Casual Customer
17628,82,1,75.75,Casual Customer
17629,19,8,1814.12,Casual Customer
17630,170,2,503.59999999999997,Churned Customer
17631,120,3,528.33,Casual Customer
17633,32,4,1324.84,Casual Customer
17634,35,9,2358.59,Casual Customer
17636,20,1,285.56,Casual Customer
17637,116,2,547.0600000000001,Casual Customer
17639,129,1,108.5,Casual Customer
17640,87,1,621.66,Casual Customer
17642,2,2,712.29,Casual Customer
17643,697,1,101.55,Churned Customer
17644,32,11,2895.64,Casual Customer
17646,249,3,1008.39,Churned Customer
17647,214,1,133.06,Churned Customer
17648,61,4,1797.5,Casual Customer
17649,139,1,868.49,Casual Customer
17650,22,1,166.08,Casual Customer
17651,12,10,3945.0,Casual Customer
17652,26,12,4867.72,Casual Customer
17653,32,4,1207.56,Casual Customer
17654,160,1,117.55,Churned Customer
17655,11,7,2638.94,Casual Customer
17656,1,5,1674.69,Casual Customer
17658,5,2,595.42,Casual Customer
17659,18,12,2999.46,Casual Customer
17660,142,1,178.75,Casual Customer
17663,26,7,1802.91,Casual Customer
17664,19,2,604.64,Casual Customer
17666,181,2,728.16,Churned Customer
17667,5,5,2055.51,Casual Customer
17668,120,2,347.75,Casual Customer
17669,43,7,3406.7200000000003,Casual Customer
17670,228,1,205.7,Churned Customer
17671,4,4,1572.71,Casual Customer
17672,51,2,3178.17,Casual Customer
17673,120,6,1594.97,Casual Customer
17674,75,2,551.04,Casual Customer
17675,3,31,20374.28,Loyal VIP Customer (Power Users)
17676,0,6,1371.18,Casual Customer
17677,29,30,16345.38,Loyal VIP Customer (Power Users)
17678,264,1,298.11,Churned Customer
17679,53,2,1992.1100000000001,Casual Customer
17680,24,1,184.4,Casual Customer
17682,11,6,2474.33,Casual Customer
17684,44,1,239.41,Casual Customer
17685,1,7,3155.83,Casual Customer
17686,32,7,5739.46,Casual Customer
17690,46,15,4726.8,Loyal VIP Customer (Power Users)
17691,358,2,290.40000000000003,Churned Customer
17692,161,4,740.9399999999999,Casual Customer
17693,138,1,200.47,Casual Customer
17694,142,1,283.12,Casual Customer
17695,132,2,765.34,Casual Customer
17696,109,8,2285.71,Casual Customer
17697,237,1,338.95,Churned Customer
17698,261,1,154.95,Churned Customer
17700,17,4,2534.64,Casual Customer
17701,340,1,417.95,Churned Customer
17702,90,4,1824.37,Casual Customer
17703,110,3,798.74,Casual Customer
17704,169,2,885.19,Churned Customer
17705,38,9,1823.52,Casual Customer
17706,45,17,10504.49,Loyal VIP Customer (Power Users)
17707,157,2,152.4,Casual Customer
17708,218,2,263.33,Churned Customer
17709,170,1,137.45,Churned Customer
17711,11,2,385.1,Casual Customer
17712,45,1,522.91,Casual Customer
17714,321,1,153.0,Churned Customer
17715,201,1,326.4,Churned Customer
17716,23,11,5655.99,Casual Customer
17718,233,1,139.35,Churned Customer
17719,1,15,5396.04,Loyal VIP Customer (Power Users)
17720,27,4,1195.94,Casual Customer
17722,245,4,2424.04,Churned Customer
17723,96,6,3276.4000000000005,Casual Customer
17724,72,3,1033.0,Casual Customer
17725,17,11,3439.08,Casual Customer
17727,16,1,1060.25,Casual Customer
17728,87,3,2876.01,Casual Customer
17730,29,13,5298.4800000000005,Casual Customer
17731,80,4,1240.11,Casual Customer
17732,666,1,303.97,Churned Customer
17733,262,2,692.19,Churned Customer
17734,54,3,700.63,Casual Customer
17735,109,19,13110.02,Loyal VIP Customer (Power Users)
17736,10,3,377.44,Casual Customer
17737,0,2,168.24,Casual Customer
17738,20,4,1879.05,Casual Customer
17739,12,7,2791.35,Casual Customer
17742,39,2,355.11,Casual Customer
17744,26,6,2322.4,Casual Customer
17746,241,1,110.25,Churned Customer
17747,113,1,71.4,Casual Customer
17749,179,2,674.52,Churned Customer
17750,57,9,1710.45,Casual Customer
17752,360,1,80.64,Churned Customer
17754,89,5,1664.65,Casual Customer
17757,14,30,5593.39,Loyal VIP Customer (Power Users)
17758,20,8,3408.2000000000003,Casual Customer
17759,18,3,819.96,Casual Customer
17760,22,2,287.59,Casual Customer
17761,152,1,712.78,Casual Customer
17763,264,1,15.0,Churned Customer
17764,5,2,772.55,Casual Customer
17765,211,3,367.63,Churned Customer
17767,16,1,271.2,Casual Customer
17768,167,3,2081.9,Churned Customer
17769,13,10,3957.43,Casual Customer
17770,35,5,1143.27,Casual Customer
17771,57,2,245.81,Casual Customer
17772,11,2,173.45,Casual Customer
17774,146,4,1213.73,Casual Customer
17775,255,1,56.4,Churned Customer
17777,25,3,647.56,Casual Customer
17779,22,3,650.32,Casual Customer
17781,253,2,188.02,Churned Customer
17783,73,2,283.47,Casual Customer
17785,54,1,131.94,Casual Customer
17786,86,2,266.85,Casual Customer
17787,64,4,1817.54,Casual Customer
17788,74,2,1117.9,Casual Customer
17789,282,1,225.9,Churned Customer
17790,3,14,1964.3,Casual Customer
17791,60,1,106.1,Casual Customer
17793,26,1,300.34,Casual Customer
17795,180,2,342.83,Churned Customer
17796,41,4,690.0,Casual Customer
17797,23,3,780.43,Casual Customer
17799,23,10,3039.17,Casual Customer
17800,37,9,1187.21,Casual Customer
17802,4,3,1285.04,Casual Customer
17805,74,1,512.31,Casual Customer
17806,12,1,546.04,Casual Customer
17809,17,12,5411.91,Casual Customer
17811,1,39,7761.82,Loyal VIP Customer (Power Users)
17812,13,4,699.81,Casual Customer
17813,15,5,1698.07,Casual Customer
17816,214,4,36.56,Churned Customer
17817,159,3,387.68,Casual Customer
17819,65,7,3704.87,Casual Customer
17824,52,1,298.4,Casual Customer
17827,36,5,1987.33,Casual Customer
17828,23,4,1820.09,Casual Customer
17829,299,1,889.24,Churned Customer
17830,120,3,398.7,Casual Customer
17831,182,1,35.400000000000006,Churned Customer
17832,50,1,155.37,Casual Customer
17835,10,3,342.24,Casual Customer
17836,48,1,110.21000000000001,Casual Customer
17837,30,8,1541.23,Casual Customer
17838,27,5,2720.8,Casual Customer
17839,42,1,318.15,Casual Customer
17841,0,124,40519.84,B2B Distributor
17843,99,1,205.48,Casual Customer
17844,107,1,51.559999999999995,Casual Customer
17846,86,1,2033.1,Casual Customer
17848,82,9,901.1999999999999,Casual Customer
17849,70,4,605.8000000000001,Casual Customer
17850,666,34,5391.21,Churned Customer
17852,12,2,114.34,Casual Customer
17854,157,2,311.26,Casual Customer
17855,666,1,208.97,Churned Customer
17856,120,4,1418.03,Casual Customer
17857,18,23,26879.04,Loyal VIP Customer (Power Users)
17858,2,12,5140.66,Casual Customer
17859,130,1,141.92000000000002,Casual Customer
17860,546,1,226.45000000000002,Churned Customer
17861,25,8,2097.88,Casual Customer
17862,324,1,330.9,Churned Customer
17863,30,6,3160.0,Casual Customer
17864,13,3,554.85,Casual Customer
17865,1,20,10526.32,Loyal VIP Customer (Power Users)
17866,143,1,329.65,Casual Customer
17867,90,6,1157.8700000000001,Casual Customer
17869,108,5,428.18,Casual Customer
17870,15,12,1865.89,Casual Customer
17871,205,1,155.9,Churned Customer
17873,81,5,1848.96,Casual Customer
17874,157,6,683.46,Casual Customer
17877,171,1,237.61,Churned Customer
17878,44,1,379.45,Casual Customer
17879,174,1,178.51999999999998,Churned Customer
17880,424,1,458.92,Churned Customer
17881,130,1,133.35000000000002,Casual Customer
17883,15,4,664.34,Casual Customer
17884,181,4,695.0699999999999,Churned Customer
17885,13,1,156.34,Casual Customer
17886,121,3,869.28,Casual Customer
17887,304,1,111.35,Churned Customer
17888,22,8,716.0,Casual Customer
17889,35,2,201.37,Casual Customer
17890,323,2,586.89,Churned Customer
17891,162,1,203.85999999999999,Churned Customer
17892,57,3,244.1,Casual Customer
17893,226,1,107.21,Churned Customer
17894,72,8,1118.96,Casual Customer
17895,45,1,95.45,Casual Customer
17896,24,1,256.32,Casual Customer
17897,173,3,541.8100000000001,Churned Customer
17898,86,2,152.06,Casual Customer
17899,278,1,154.55,Churned Customer
17900,307,2,112.19999999999999,Churned Customer
17901,59,1,110.38,Casual Customer
17904,22,1,181.07,Casual Customer
17905,71,4,798.99,Casual Customer
17906,188,1,72.9,Churned Customer
17908,697,1,232.03,Churned Customer
17911,10,1,366.23,Casual Customer
17912,311,5,310.06,Churned Customer
17913,0,2,408.65,Casual Customer
17914,181,1,329.36,Churned Customer
17917,46,3,335.03,Casual Customer
17919,1,1,1304.04,Casual Customer
17920,12,17,4119.5,Loyal VIP Customer (Power Users)
17921,148,4,820.23,Casual Customer
17923,310,1,207.50000000000003,Churned Customer
17924,12,7,2962.5,Casual Customer
17925,666,1,244.08,Churned Customer
17926,134,2,397.29,Casual Customer
17928,46,2,212.54,Casual Customer
17929,12,4,843.0,Casual Customer
17930,72,5,1740.48,Casual Customer
17931,134,2,408.36,Casual Customer
17932,5,3,1331.57,Casual Customer
17934,0,2,704.25,Casual Customer
17935,139,2,145.79,Casual Customer
17936,242,1,380.13,Churned Customer
17937,115,7,4301.22,Casual Customer
17939,278,1,99.14,Churned Customer
17940,50,10,4020.04,Casual Customer
17941,336,1,304.56,Churned Customer
17942,301,1,77.50000000000001,Churned Customer
17946,234,2,149.57999999999998,Churned Customer
17947,302,1,176.68,Churned Customer
17948,148,1,358.56000000000006,Casual Customer
17949,3,45,58510.48,Loyal VIP Customer (Power Users)
17950,73,3,482.2,Casual Customer
17951,40,3,1008.5400000000001,Casual Customer
17954,124,12,2314.13,Casual Customer
17955,199,4,557.3,Churned Customer
17956,250,1,12.75,Churned Customer
17957,244,1,111.68,Churned Customer
17958,117,1,508.4599999999999,Casual Customer
17960,172,1,73.78,Churned Customer
17961,1,39,1296.44,Loyal VIP Customer (Power Users)
17962,143,1,102.41,Casual Customer
17964,121,2,463.21,Casual Customer
17965,9,14,2599.19,Casual Customer
17966,33,5,1098.43,Casual Customer
17967,638,1,112.27,Churned Customer
17968,697,1,265.1,Churned Customer
17969,167,2,228.2,Churned Customer
17970,4,1,562.79,Casual Customer
17972,6,1,135.19,Casual Customer
17973,52,1,337.04,Casual Customer
17974,25,3,703.99,Casual Customer
17975,16,13,4483.26,Casual Customer
17976,666,1,321.79,Churned Customer
17977,60,1,288.14,Casual Customer
17978,454,1,300.91999999999996,Churned Customer
17979,169,4,732.41,Churned Customer
17980,166,3,811.45,Churned Customer
17984,146,1,152.68,Casual Customer
17985,23,1,631.35,Casual Customer
17986,57,1,20.8,Casual Customer
17987,157,1,198.57,Churned Customer
17988,12,7,201.12,Casual Customer
17990,237,3,630.84,Churned Customer
17991,226,2,93.35,Churned Customer
17994,37,4,674.89,Casual Customer
17995,282,1,76.1,Churned Customer
17997,64,8,1962.46,Casual Customer
17999,302,2,380.39,Churned Customer
18001,13,2,415.13,Casual Customer
18004,363,1,157.92,Churned Customer
18005,48,2,226.47,Casual Customer
18006,24,1,444.68,Casual Customer
18008,36,9,2116.19,Casual Customer
18009,236,1,247.39,Churned Customer
18010,257,1,174.8,Churned Customer
18011,696,1,102.78999999999999,Churned Customer
18013,156,2,187.29,Casual Customer
18014,29,1,162.22,Casual Customer
18015,212,1,120.03,Churned Customer
18016,75,5,1477.66,Casual Customer
18017,82,3,523.0,Casual Customer
18018,108,2,122.14,Casual Customer
18019,52,1,38.45,Casual Customer
18022,243,1,612.72,Churned Customer
18024,64,2,389.78,Casual Customer
18027,304,1,115.31,Churned Customer
18030,43,2,230.64999999999998,Casual Customer
18032,100,1,73.5,Casual Customer
18033,213,1,93.82000000000001,Churned Customer
18034,22,2,418.68,Casual Customer
18035,43,3,713.89,Casual Customer
18036,106,3,403.12,Casual Customer
18037,125,6,70.02,Casual Customer
18040,20,2,357.20000000000005,Casual Customer
18041,12,21,4097.37,Loyal VIP Customer (Power Users)
18042,54,1,165.04999999999998,Casual Customer
18043,25,3,529.29,Casual Customer
18044,88,10,2088.6,Casual Customer
18045,46,1,178.34,Casual Customer
18048,204,2,172.29000000000002,Churned Customer
18050,360,1,74.4,Churned Customer
18053,71,1,300.02,Casual Customer
18055,40,10,6761.34,Casual Customer
18056,289,1,363.65,Churned Customer
18058,10,1,170.16,Casual Customer
18059,24,3,306.46,Casual Customer
18061,22,10,2119.41,Casual Customer
18062,174,3,720.52,Churned Customer
18064,134,2,814.0,Casual Customer
18065,87,14,2392.83,Casual Customer
18066,76,1,318.0,Casual Customer
18067,41,1,396.33,Casual Customer
18068,290,1,101.69999999999999,Churned Customer
18069,1,5,2009.24,Casual Customer
18071,258,2,453.0,Churned Customer
18072,157,1,247.44,Churned Customer
18073,115,12,3859.82,Casual Customer
18074,697,1,489.6,Churned Customer
18075,24,10,2611.75,Casual Customer
18077,32,11,2584.41,Casual Customer
18078,188,2,336.13,Churned Customer
18079,46,4,3613.15,Casual Customer
18080,19,2,1231.5,Casual Customer
18081,113,3,343.45,Casual Customer
18082,26,1,680.84,Casual Customer
18084,17,1,90.47999999999999,Casual Customer
18085,331,2,689.95,Churned Customer
18086,68,1,101.34,Casual Customer
18087,291,2,4055.7199999999993,Churned Customer
18088,91,1,166.03,Casual Customer
18092,2,11,9068.26,Casual Customer
18093,32,4,2106.52,Casual Customer
18094,82,7,3017.3,Casual Customer
18095,39,2,580.0500000000001,Casual Customer
18096,12,3,849.06,Casual Customer
18097,206,6,2662.4,Churned Customer
18099,246,1,168.31,Churned Customer
18101,12,2,222.4,Casual Customer
18102,12,60,259657.3,B2B Distributor
18104,302,1,754.64,Churned Customer
18105,302,1,113.48000000000002,Churned Customer
18106,330,1,421.9,Churned Customer
18108,255,1,271.0,Churned Customer
18109,4,26,8004.92,Loyal VIP Customer (Power Users)
18110,20,1,198.8,Casual Customer
18112,13,2,352.69,Casual Customer
18113,546,1,76.32000000000001,Churned Customer
18114,291,1,220.1,Churned Customer
18116,235,8,1403.1100000000001,Churned Customer
18117,26,1,315.65,Casual Customer
18118,11,26,5625.08,Loyal VIP Customer (Power Users)
18119,516,1,180.7,Churned Customer
18120,96,1,111.15,Casual Customer
18121,125,2,653.3,Casual Customer
18122,3,6,1793.06,Casual Customer
18123,25,2,574.4399999999999,Casual Customer
18125,60,4,1131.75,Casual Customer
18126,61,1,200.92000000000002,Casual Customer
18127,20,3,347.08,Casual Customer
18129,67,1,112.55000000000001,Casual Customer
18130,16,3,1059.39,Casual Customer
18133,35,1,931.4999999999999,Casual Customer
18135,59,5,681.9100000000001,Casual Customer
18136,5,3,784.33,Casual Customer
18138,296,1,152.65,Churned Customer
18139,18,6,8438.34,Casual Customer
18142,127,2,1019.52,Casual Customer
18143,117,2,1000.16,Casual Customer
18144,35,12,2888.75,Casual Customer
18145,13,4,2861.55,Casual Customer
18146,141,2,160.35000000000002,Casual Customer
18147,46,2,179.33999999999997,Casual Customer
18149,37,3,612.0799999999999,Casual Customer
18150,141,3,566.58,Casual Customer
18151,135,2,653.35,Casual Customer
18154,44,2,399.19,Casual Customer
18155,76,3,371.62,Casual Customer
18156,13,2,675.64,Casual Customer
18158,1,2,453.4,Casual Customer
18159,38,1,530.15,Casual Customer
18160,58,2,638.0600000000001,Casual Customer
18161,16,5,1618.69,Casual Customer
18164,302,1,399.65000000000003,Churned Customer
18165,178,1,302.46000000000004,Churned Customer
18167,24,3,1384.8600000000001,Casual Customer
18168,69,6,1160.04,Casual Customer
18169,61,1,202.65,Casual Customer
18170,113,3,980.31,Casual Customer
18171,0,5,1231.31,Casual Customer
18172,4,20,7561.68,Loyal VIP Customer (Power Users)
18173,68,4,2106.84,Casual Customer
18174,301,1,104.0,Churned Customer
18176,359,1,476.35,Churned Customer
18177,121,6,1340.8700000000001,Casual Customer
18178,249,4,1590.81,Churned Customer
18179,10,6,1793.17,Casual Customer
18180,1,6,1843.75,Casual Customer
18181,25,1,366.85,Casual Customer
18183,68,2,632.07,Casual Customer
18184,16,1,49.8,Casual Customer
18185,250,1,304.25,Churned Customer
18188,16,3,2001.04,Casual Customer
18189,78,2,1090.24,Casual Customer
18190,193,2,284.46000000000004,Churned Customer
18191,262,1,207.79999999999998,Churned Customer
18192,72,1,957.97,Casual Customer
18193,166,1,243.76,Churned Customer
18194,83,1,973.8399999999999,Casual Customer
18196,215,2,686.63,Churned Customer
18198,72,17,5425.56,Loyal VIP Customer (Power Users)
18200,106,1,150.35,Casual Customer
18202,200,3,1396.99,Churned Customer
18203,217,1,160.42000000000002,Churned Customer
18204,72,3,1975.35,Casual Customer
18205,75,2,517.36,Casual Customer
18209,29,1,139.10000000000002,Casual Customer
18210,10,6,2621.38,Casual Customer
18211,26,5,600.07,Casual Customer
18212,327,1,216.07,Churned Customer
18213,237,1,232.48000000000002,Churned Customer
18215,31,1,299.34000000000003,Casual Customer
18216,121,1,481.75,Casual Customer
18217,60,2,621.75,Casual Customer
18218,5,2,641.92,Casual Customer
18219,43,10,2069.77,Casual Customer
18220,227,1,305.28000000000003,Churned Customer
18221,5,5,1041.61,Casual Customer
18222,123,1,443.0,Casual Customer
18223,40,14,6484.54,Loyal VIP Customer (Power Users)
18224,264,1,158.95000000000002,Churned Customer
18225,22,12,5504.96,Casual Customer
18226,32,11,5228.05,Casual Customer
18227,188,1,93.75,Churned Customer
18228,57,2,779.9,Casual Customer
18229,0,20,7276.900000000001,Loyal VIP Customer (Power Users)
18230,10,7,2810.2000000000003,Casual Customer
18231,193,5,2071.77,Churned Customer
18232,82,4,592.97,Casual Customer
18233,326,1,440.0,Churned Customer
18235,32,3,1796.48,Casual Customer
18236,60,6,882.24,Casual Customer
18237,2,5,987.1,Casual Customer
18239,219,5,1561.6100000000001,Churned Customer
18240,47,1,422.58,Casual Customer
18241,10,17,2073.09,Loyal VIP Customer (Power Users)
18242,66,4,2232.4900000000002,Casual Customer
18245,5,7,2567.06,Casual Customer
18246,24,2,596.1,Casual Customer
18248,93,2,804.02,Casual Customer
18249,18,1,95.34,Casual Customer
18250,311,1,349.27,Churned Customer
18251,88,1,4314.72,Casual Customer
18252,51,2,518.27,Casual Customer
18255,31,1,103.3,Casual Customer
18257,40,8,2337.63,Casual Customer
18259,25,3,2338.6000000000004,Casual Customer
18260,100,6,2628.35,Casual Customer
18261,44,2,324.24,Casual Customer
18262,141,1,149.48,Casual Customer
18263,26,3,1213.1599999999999,Casual Customer
18265,73,2,801.51,Casual Customer
18268,134,1,25.5,Casual Customer
18269,485,1,168.6,Churned Customer
18270,267,2,283.15,Churned Customer
18272,3,6,3078.58,Casual Customer
18273,151,3,204.0,Casual Customer
18274,90,1,175.92,Casual Customer
18276,44,1,335.86,Casual Customer
18277,0,1,110.38,Casual Customer
18278,74,1,173.9,Casual Customer
18280,160,1,180.60000000000002,Churned Customer
18281,4,1,80.82,Casual Customer
18282,216,2,178.05,Churned Customer
18283,10,16,2045.53,Loyal VIP Customer (Power Users)
18287,0,3,1837.28,Casual Customer
